patent_id,title,abstract,claims,dominant_domain,cpc_code,cpc_title
US11847863B2,Automated Pattern Recognition System Using High-Dimensional Feature Vectors (Spec #042 - Ref_617),A machine learning framework that extracts discriminative feature vectors from complex data streams and classifies operational states using gradient descent algorithms. Section iteration 42 validates scalability across distributed node clusters and low-power hardware.,"1. A computer-implemented method comprising receiving sensor data streams, generating feature vectors using a convolutional neural network layer, and computing loss functions based on multi-task attention mechanisms. 2. The system of claim 1, further comprising automated feature selection step #42.",Artificial Intelligence & Machine Learning,G06F 18/20,"Pattern recognition, machine learning classifiers, statistical feature extraction"
US11849726B2,Controlled Release Pharmaceutical Oral Dosage Form Comprising Solid Lipid Nanoparticles (Spec #036 - Ref_421),A pharmaceutical composition comprising active therapeutic compounds encapsulated within micro-polymeric matrices designed for extended systemic absorption. Section iteration 36 validates scalability across distributed node clusters and low-power hardware.,"1. An oral drug delivery system comprising an active medicinal compound, a bioadhesive polymer coat, and a pH-dependent enteric release layer. 2. The system of claim 1, further comprising automated feature selection step #36.",Pharmaceuticals & Medicinal Chemistry,A61K 31/00,"Pharmaceutical preparations, medicinal compounds, controlled release formulations"
US11849932B2,Adaptive Modulation and Coding Scheme for High-Density Wi-Fi Access Points (Spec #012 - Ref_372),Wireless communication architectures for multi-user MIMO access points configured to optimize beamforming weights and channel bandwidth allocation in dense Wi-Fi environments. Section iteration 12 validates scalability across distributed node clusters and low-power hardware.,"1. A wireless access point comprising a MAC layer controller, packet scheduling logic, and physical layer modems supporting high-throughput quadrature amplitude modulation. 2. The system of claim 1, further comprising automated feature selection step #12.",Telecommunications & Wireless Networks,H04W 84/12,"Wireless local area networks, Wi-Fi protocols, 5G/6G cellular transmission"
US11847553B2,Supervised Machine Learning Classifier with Dynamic Loss Function Optimization (Spec #005 - Ref_697),Methods and systems for training multi-layer neural network classifiers using dynamic feature extraction from multi-modal sensor arrays to optimize pattern recognition performance. Section iteration 5 validates scalability across distributed node clusters and low-power hardware.,"1. A pattern recognition system comprising a data processor, memory storing a machine learning classifier model, and instructions to evaluate probability distributions over feature spaces. 2. The system of claim 1, further comprising automated feature selection step #5.",Artificial Intelligence & Machine Learning,G06F 18/20,"Pattern recognition, machine learning classifiers, statistical feature extraction"
US11851124B2,3D FinFET Transistor Fabrication Process Featuring Gate-All-Around Architecture (Spec #019 - Ref_173),"Integrated circuit manufacturing tools comprising wafer positioning stages, chemical slurry dispensers, and optical endpoint detection sensors for planarization. Section iteration 19 validates scalability across distributed node clusters and low-power hardware.","1. A semiconductor processing chamber comprising gas distribution showerheads, plasma generation electrodes, and vacuum exhaust systems. 2. The system of claim 1, further comprising automated feature selection step #19.",Semiconductors & Integrated Circuits,H01L 21/00,"Semiconductor device fabrication, lithography, integrated circuit processing"
US11848632B2,Zero-Knowledge Proof Tokenization Framework for Secure Identity Verification (Spec #043 - Ref_266),Methods for establishing secure mutual authentication between distributed network nodes using zero-knowledge identity assertions and cryptographic key exchange. Section iteration 43 validates scalability across distributed node clusters and low-power hardware.,"1. A secure transaction verification system comprising memory storing private cryptographic keys, token hashing logic, and distributed consensus validation protocols. 2. The system of claim 1, further comprising automated feature selection step #43.","Cryptography, Cybersecurity & Blockchain",H04L 9/32,"Digital signatures, message authentication, cryptographic security protocols"
US11847689B2,System and Method for Deep Learning Feature Classification in Multi-Modal Sensor Networks (Spec #019 - Ref_842),A machine learning framework that extracts discriminative feature vectors from complex data streams and classifies operational states using gradient descent algorithms. Section iteration 19 validates scalability across distributed node clusters and low-power hardware.,"1. A computer-implemented method comprising receiving sensor data streams, generating feature vectors using a convolutional neural network layer, and computing loss functions based on multi-task attention mechanisms. 2. The system of claim 1, further comprising automated feature selection step #19.",Artificial Intelligence & Machine Learning,G06F 18/20,"Pattern recognition, machine learning classifiers, statistical feature extraction"
US11850661B2,Surface Plasmon Resonance Biosensor Device for Real-Time Protein Binding Kinetics (Spec #005 - Ref_599),"A microfluidic biochip system featuring capillary fluidic channels, reagent storage reservoirs, and integrated photodiode detection arrays. Section iteration 5 validates scalability across distributed node clusters and low-power hardware.","1. An electrochemical assay cartridge comprising working and reference electrodes coated with enzymatic reagent layers and readout electronics. 2. The system of claim 1, further comprising automated feature selection step #5.",Medical Devices & Healthcare Technology,G01N 33/50,"Biological assay testing, biosensors, chemical analysis diagnostic devices"
US11850834B2,Electrochemical Biosensor Cartridge for Quantitative Blood Glucose and Biomarker Measurement (Spec #029 - Ref_565),Diagnostic biosensor platforms comprising microfluidic reaction channels and immobilised antibodies configured for quantitative optical fluorescence immunoassay analysis. Section iteration 29 validates scalability across distributed node clusters and low-power hardware.,"1. A point-of-care medical diagnostic instrument comprising fluidic actuators, temperature control elements, and fluorescence detection optics. 2. The system of claim 1, further comprising automated feature selection step #29.",Medical Devices & Healthcare Technology,G01N 33/50,"Biological assay testing, biosensors, chemical analysis diagnostic devices"
US11847643B2,Statistical Pattern Recognition Architecture for High-Frequency Data Vector Mining (Spec #015 - Ref_597),"A computer-implemented system configured to receive input feature vectors, apply dimensionality reduction, and evaluate statistical classifier loss metrics. Section iteration 15 validates scalability across distributed node clusters and low-power hardware.","1. An automated classification apparatus comprising input interfaces configured to capture raw telemetry, feature selection modules, and a statistical classifier generating class predictions. 2. The system of claim 1, further comprising automated feature selection step #15.",Artificial Intelligence & Machine Learning,G06F 18/20,"Pattern recognition, machine learning classifiers, statistical feature extraction"
US11852158B2,Cloud-Based Healthcare Analytics System for Personalized Treatment Recommendation (Spec #048 - Ref_978),"Computer-implemented clinical decision support platforms configured to aggregate electronic health records, extract clinical parameters using NLP, and predict adverse events. Section iteration 48 validates scalability across distributed node clusters and low-power hardware.","1. A patient monitoring system comprising biosensor telemetry inputs, anomaly detection software algorithms, and automated clinical notification modules. 2. The system of claim 1, further comprising automated feature selection step #48.",Software & Distributed Systems,G16H 50/20,"Healthcare data processing, AI medical decision support, clinical analytics"
US11849121B2,Dynamic Aerodynamic Thrust Control System for Quadcopter Aerial Drones (Spec #006 - Ref_185),Avionics control architectures for autonomous quadcopter UAV drones featuring real-time altitude telemetry sensor fusion and dynamic trajectory optimization. Section iteration 6 validates scalability across distributed node clusters and low-power hardware.,"1. A UAV flight stabilization system comprising an inertial measurement unit, GPS positioning receivers, and electronic motor speed controllers. 2. The system of claim 1, further comprising automated feature selection step #6.",Aerospace & Drone Avionics,B64C 39/02,"Unmanned aerial vehicles, quadcopter drone flight control, rotor craft"
US11849151B2,Autonomous Vertical Takeoff and Landing (VTOL) Flight Control Computer (Spec #012 - Ref_277),A flight control computer configured to adjust multi-rotor motor speeds based on Kalman-filtered inertial measurement unit data. Section iteration 12 validates scalability across distributed node clusters and low-power hardware.,"1. An autonomous unmanned aerial vehicle comprising a flight control processor, rotor actuators, and sensors configured to compute dynamic aerodynamic trajectories. 2. The system of claim 1, further comprising automated feature selection step #12.",Aerospace & Drone Avionics,B64C 39/02,"Unmanned aerial vehicles, quadcopter drone flight control, rotor craft"
US11851722B2,Real-Time Video Object Detection and Tracking System Using Deep Convolutional Networks (Spec #040 - Ref_515),"Automated optical inspection systems utilizing high-resolution image sensors, spatial filtering algorithms, and pattern matching models to detect surface defects. Section iteration 40 validates scalability across distributed node clusters and low-power hardware.","1. A 3D vision system comprising stereoscopic cameras, depth map calculation units, and point cloud feature extraction processors. 2. The system of claim 1, further comprising automated feature selection step #40.",Computer Vision & Image Processing,G06T 7/00,"Computer vision, image segmentation, pattern analysis, video stream processing"
US11850275B2,Adaptive Cruise Control Architecture for Autonomous Automobile Platooning (Spec #003 - Ref_358),Advanced driver assistance systems for electric vehicles comprising sensor fusion processors configured to compute dynamic vehicle trajectories and actuate automated steering. Section iteration 3 validates scalability across distributed node clusters and low-power hardware.,"1. An automated vehicle control system comprising lateral steering controllers, longitudinal speed managers, and sensor fusion modules. 2. The system of claim 1, further comprising automated feature selection step #3.",Automotive & Autonomous Vehicles,B60W 30/00,"Autonomous vehicle guidance, driver assistance, automated steering control"
US11850230B2,Multi-User MIMO Beamforming Controller for High-Throughput Wireless Local Area Networks (Spec #047 - Ref_706),A wireless transceiver system operating in unlicensed millimeter-wave frequencies utilizing spatial division multiplexing and digital pre-distortion. Section iteration 47 validates scalability across distributed node clusters and low-power hardware.,"1. A wireless access point comprising a MAC layer controller, packet scheduling logic, and physical layer modems supporting high-throughput quadrature amplitude modulation. 2. The system of claim 1, further comprising automated feature selection step #47.",Telecommunications & Wireless Networks,H04W 84/12,"Wireless local area networks, Wi-Fi protocols, 5G/6G cellular transmission"
US11850518B2,Predictive Emergency Braking System for Electric Vehicles Using Radar Sensor Fusion (Spec #033 - Ref_196),Advanced driver assistance systems for electric vehicles comprising sensor fusion processors configured to compute dynamic vehicle trajectories and actuate automated steering. Section iteration 33 validates scalability across distributed node clusters and low-power hardware.,"1. An automated vehicle control system comprising lateral steering controllers, longitudinal speed managers, and sensor fusion modules. 2. The system of claim 1, further comprising automated feature selection step #33.",Automotive & Autonomous Vehicles,B60W 30/00,"Autonomous vehicle guidance, driver assistance, automated steering control"
US11849373B2,Dynamic Aerodynamic Thrust Control System for Quadcopter Aerial Drones (Spec #036 - Ref_842),An autonomous unmanned aircraft system utilizing LIDAR and ultrasonic range sensors to navigate complex urban airspace while avoiding static and dynamic obstacles. Section iteration 36 validates scalability across distributed node clusters and low-power hardware.,"1. An aerial drone navigation apparatus comprising obstacle detection sensors, wireless telemetry links, and trajectory planning algorithms. 2. The system of claim 1, further comprising automated feature selection step #36.",Aerospace & Drone Avionics,B64C 39/02,"Unmanned aerial vehicles, quadcopter drone flight control, rotor craft"
US11849773B2,Sustained-Release Pharmaceutical Matrix Formulated with Hydrophilic Polymer Excipients (Spec #042 - Ref_794),"Therapeutic pharmaceutical formulations comprising lipid nanoparticle carriers for enhanced bioavailability, controlled gastric dissolution, and targeted active ingredient release. Section iteration 42 validates scalability across distributed node clusters and low-power hardware.","1. An oral drug delivery system comprising an active medicinal compound, a bioadhesive polymer coat, and a pH-dependent enteric release layer. 2. The system of claim 1, further comprising automated feature selection step #42.",Pharmaceuticals & Medicinal Chemistry,A61K 31/00,"Pharmaceutical preparations, medicinal compounds, controlled release formulations"
US11847816B2,Automated Pattern Recognition System Using High-Dimensional Feature Vectors (Spec #035 - Ref_216),Methods and systems for training multi-layer neural network classifiers using dynamic feature extraction from multi-modal sensor arrays to optimize pattern recognition performance. Section iteration 35 validates scalability across distributed node clusters and low-power hardware.,"1. An automated classification apparatus comprising input interfaces configured to capture raw telemetry, feature selection modules, and a statistical classifier generating class predictions. 2. The system of claim 1, further comprising automated feature selection step #35.",Artificial Intelligence & Machine Learning,G06F 18/20,"Pattern recognition, machine learning classifiers, statistical feature extraction"
US11848927B2,Synthetic Messenger RNA Construct with Enhanced Ribosomal Translation Efficiency (Spec #030 - Ref_645),Recombinant genetic vectors comprising synthetic promoter regions and ribosomal binding sites engineered for elevated recombinant protein expression. Section iteration 30 validates scalability across distributed node clusters and low-power hardware.,"1. An engineered DNA vector comprising an expression cassette, a selectable marker gene, and site-specific recombination target sequences. 2. The system of claim 1, further comprising automated feature selection step #30.",Biotechnology & Genomics,C12N 15/09,"Recombinant DNA technology, genetic engineering vectors, nucleic acid mutation"
US11849507B2,Therapeutic Small Molecule Inhibitor Composition for Targeted Enzyme Binding (Spec #005 - Ref_226),"Therapeutic pharmaceutical formulations comprising lipid nanoparticle carriers for enhanced bioavailability, controlled gastric dissolution, and targeted active ingredient release. Section iteration 5 validates scalability across distributed node clusters and low-power hardware.","1. An oral drug delivery system comprising an active medicinal compound, a bioadhesive polymer coat, and a pH-dependent enteric release layer. 2. The system of claim 1, further comprising automated feature selection step #5.",Pharmaceuticals & Medicinal Chemistry,A61K 31/00,"Pharmaceutical preparations, medicinal compounds, controlled release formulations"
US11847725B2,Automated Pattern Recognition System Using High-Dimensional Feature Vectors (Spec #024 - Ref_115),Methods and systems for training multi-layer neural network classifiers using dynamic feature extraction from multi-modal sensor arrays to optimize pattern recognition performance. Section iteration 24 validates scalability across distributed node clusters and low-power hardware.,"1. An automated classification apparatus comprising input interfaces configured to capture raw telemetry, feature selection modules, and a statistical classifier generating class predictions. 2. The system of claim 1, further comprising automated feature selection step #24.",Artificial Intelligence & Machine Learning,G06F 18/20,"Pattern recognition, machine learning classifiers, statistical feature extraction"
US11849728B2,Controlled Release Pharmaceutical Oral Dosage Form Comprising Solid Lipid Nanoparticles (Spec #037 - Ref_755),"Therapeutic pharmaceutical formulations comprising lipid nanoparticle carriers for enhanced bioavailability, controlled gastric dissolution, and targeted active ingredient release. Section iteration 37 validates scalability across distributed node clusters and low-power hardware.","1. A pharmaceutical composition comprising a therapeutic active ingredient encapsulated within solid lipid nanoparticles and a pharmaceutically acceptable carrier. 2. The system of claim 1, further comprising automated feature selection step #37.",Pharmaceuticals & Medicinal Chemistry,A61K 31/00,"Pharmaceutical preparations, medicinal compounds, controlled release formulations"
US11848657B2,Elliptic Curve Cryptographic Authentication Scheme for Distributed Microservice APIs (Spec #045 - Ref_115),A decentralized blockchain protocol configured to validate digital transaction blocks using multi-signature cryptographic schemes. Section iteration 45 validates scalability across distributed node clusters and low-power hardware.,"1. A secure transaction verification system comprising memory storing private cryptographic keys, token hashing logic, and distributed consensus validation protocols. 2. The system of claim 1, further comprising automated feature selection step #45.","Cryptography, Cybersecurity & Blockchain",H04L 9/32,"Digital signatures, message authentication, cryptographic security protocols"
US11847596B2,Statistical Pattern Recognition Architecture for High-Frequency Data Vector Mining (Spec #010 - Ref_560),Methods and systems for training multi-layer neural network classifiers using dynamic feature extraction from multi-modal sensor arrays to optimize pattern recognition performance. Section iteration 10 validates scalability across distributed node clusters and low-power hardware.,"1. An automated classification apparatus comprising input interfaces configured to capture raw telemetry, feature selection modules, and a statistical classifier generating class predictions. 2. The system of claim 1, further comprising automated feature selection step #10.",Artificial Intelligence & Machine Learning,G06F 18/20,"Pattern recognition, machine learning classifiers, statistical feature extraction"
US11851131B2,Plasma Atomic Layer Deposition Process for Ultra-Thin Dielectric Film Layers (Spec #020 - Ref_172),Semiconductor manufacturing methods featuring advanced plasma etching and extreme ultraviolet lithography techniques for fabricating nanoscale FinFET transistor gates. Section iteration 20 validates scalability across distributed node clusters and low-power hardware.,"1. A semiconductor processing chamber comprising gas distribution showerheads, plasma generation electrodes, and vacuum exhaust systems. 2. The system of claim 1, further comprising automated feature selection step #20.",Semiconductors & Integrated Circuits,H01L 21/00,"Semiconductor device fabrication, lithography, integrated circuit processing"
US11849027B2,Synthetic Messenger RNA Construct with Enhanced Ribosomal Translation Efficiency (Spec #042 - Ref_959),"Genetic engineering constructs and recombinant DNA vectors optimized for targeted nucleotide cleavage, genomic sequence editing, and gene expression modulation. Section iteration 42 validates scalability across distributed node clusters and low-power hardware.","1. An engineered DNA vector comprising an expression cassette, a selectable marker gene, and site-specific recombination target sequences. 2. The system of claim 1, further comprising automated feature selection step #42.",Biotechnology & Genomics,C12N 15/09,"Recombinant DNA technology, genetic engineering vectors, nucleic acid mutation"
US11848485B2,Zero-Knowledge Proof Tokenization Framework for Secure Identity Verification (Spec #025 - Ref_182),A decentralized blockchain protocol configured to validate digital transaction blocks using multi-signature cryptographic schemes. Section iteration 25 validates scalability across distributed node clusters and low-power hardware.,"1. A cryptographic authentication system comprising key generation modules, signature verification processors, and zero-knowledge proof verification algorithms. 2. The system of claim 1, further comprising automated feature selection step #25.","Cryptography, Cybersecurity & Blockchain",H04L 9/32,"Digital signatures, message authentication, cryptographic security protocols"
US11848381B2,Decentralized Blockchain Verification Protocol with Zero-Knowledge Proof Signatures (Spec #010 - Ref_155),Methods for establishing secure mutual authentication between distributed network nodes using zero-knowledge identity assertions and cryptographic key exchange. Section iteration 10 validates scalability across distributed node clusters and low-power hardware.,"1. A computer-implemented method comprising generating zero-knowledge proof tokens, verifying public key hashes, and validating transaction blocks across a peer-to-peer network. 2. The system of claim 1, further comprising automated feature selection step #10.","Cryptography, Cybersecurity & Blockchain",H04L 9/32,"Digital signatures, message authentication, cryptographic security protocols"
US11850595B2,Predictive Emergency Braking System for Electric Vehicles Using Radar Sensor Fusion (Spec #046 - Ref_124),Advanced driver assistance systems for electric vehicles comprising sensor fusion processors configured to compute dynamic vehicle trajectories and actuate automated steering. Section iteration 46 validates scalability across distributed node clusters and low-power hardware.,"1. An autonomous vehicle guidance system comprising a LIDAR sensor, a camera processor, and an electronic control unit configured to actuate steering and braking systems. 2. The system of claim 1, further comprising automated feature selection step #46.",Automotive & Autonomous Vehicles,B60W 30/00,"Autonomous vehicle guidance, driver assistance, automated steering control"
US11850571B2,Predictive Emergency Braking System for Electric Vehicles Using Radar Sensor Fusion (Spec #042 - Ref_552),Advanced driver assistance systems for electric vehicles comprising sensor fusion processors configured to compute dynamic vehicle trajectories and actuate automated steering. Section iteration 42 validates scalability across distributed node clusters and low-power hardware.,"1. An autonomous vehicle guidance system comprising a LIDAR sensor, a camera processor, and an electronic control unit configured to actuate steering and braking systems. 2. The system of claim 1, further comprising automated feature selection step #42.",Automotive & Autonomous Vehicles,B60W 30/00,"Autonomous vehicle guidance, driver assistance, automated steering control"
US11850036B2,Dynamic Channel Allocation Protocol for 5G Millimeter Wave Base Stations (Spec #025 - Ref_935),A wireless transceiver system operating in unlicensed millimeter-wave frequencies utilizing spatial division multiplexing and digital pre-distortion. Section iteration 25 validates scalability across distributed node clusters and low-power hardware.,"1. A wireless communication device comprising a multi-antenna array, a radio frequency transceiver, and a baseband processor configured to generate beamforming spatial weights. 2. The system of claim 1, further comprising automated feature selection step #25.",Telecommunications & Wireless Networks,H04W 84/12,"Wireless local area networks, Wi-Fi protocols, 5G/6G cellular transmission"
US11850737B2,Point-of-Care Diagnostic Assay System for Pathogen Nucleic Acid Amplification (Spec #015 - Ref_695),"A microfluidic biochip system featuring capillary fluidic channels, reagent storage reservoirs, and integrated photodiode detection arrays. Section iteration 15 validates scalability across distributed node clusters and low-power hardware.","1. A point-of-care medical diagnostic instrument comprising fluidic actuators, temperature control elements, and fluorescence detection optics. 2. The system of claim 1, further comprising automated feature selection step #15.",Medical Devices & Healthcare Technology,G01N 33/50,"Biological assay testing, biosensors, chemical analysis diagnostic devices"
US11850176B2,Multi-User MIMO Beamforming Controller for High-Throughput Wireless Local Area Networks (Spec #040 - Ref_934),Wireless communication architectures for multi-user MIMO access points configured to optimize beamforming weights and channel bandwidth allocation in dense Wi-Fi environments. Section iteration 40 validates scalability across distributed node clusters and low-power hardware.,"1. A wireless access point comprising a MAC layer controller, packet scheduling logic, and physical layer modems supporting high-throughput quadrature amplitude modulation. 2. The system of claim 1, further comprising automated feature selection step #40.",Telecommunications & Wireless Networks,H04W 84/12,"Wireless local area networks, Wi-Fi protocols, 5G/6G cellular transmission"
US11851994B2,Clinical Artificial Intelligence Decision Support Platform for Patient Outcome Prediction (Spec #024 - Ref_500),Methods for analyzing unstructured clinical progress notes using natural language processing to extract diagnostic codes and recommend therapeutic interventions. Section iteration 24 validates scalability across distributed node clusters and low-power hardware.,"1. A medical decision support apparatus comprising memory storing patient health records, clinical guideline rule engines, and machine learning risk scoring processors. 2. The system of claim 1, further comprising automated feature selection step #24.",Software & Distributed Systems,G16H 50/20,"Healthcare data processing, AI medical decision support, clinical analytics"
US11850242B2,Adaptive Modulation and Coding Scheme for High-Density Wi-Fi Access Points (Spec #049 - Ref_160),A wireless transceiver system operating in unlicensed millimeter-wave frequencies utilizing spatial division multiplexing and digital pre-distortion. Section iteration 49 validates scalability across distributed node clusters and low-power hardware.,"1. A cellular transmission system comprising base station controllers, channel state feedback analyzers, and adaptive power control circuits. 2. The system of claim 1, further comprising automated feature selection step #49.",Telecommunications & Wireless Networks,H04W 84/12,"Wireless local area networks, Wi-Fi protocols, 5G/6G cellular transmission"
US11848179B2,Convolutional Neural Network Hardware Accelerator for Real-Time Edge Image Processing (Spec #033 - Ref_906),A hardware accelerator chip comprising an array of processing elements configured to execute parallel matrix-vector multiplications for artificial neural networks. Section iteration 33 validates scalability across distributed node clusters and low-power hardware.,"1. An integrated circuit comprising an array of digital signal processors, on-chip SRAM weight buffers, and control logic executing neural network layers. 2. The system of claim 1, further comprising automated feature selection step #33.",Artificial Intelligence & Machine Learning,G06N 3/02,"Neural network hardware architectures, artificial neural networks, computing chips"
US11847669B2,Multi-Layer Neural Network Classifier for Real-Time Sensor Data Streams (Spec #017 - Ref_986),"A computer-implemented system configured to receive input feature vectors, apply dimensionality reduction, and evaluate statistical classifier loss metrics. Section iteration 17 validates scalability across distributed node clusters and low-power hardware.","1. A computer-implemented method comprising receiving sensor data streams, generating feature vectors using a convolutional neural network layer, and computing loss functions based on multi-task attention mechanisms. 2. The system of claim 1, further comprising automated feature selection step #17.",Artificial Intelligence & Machine Learning,G06F 18/20,"Pattern recognition, machine learning classifiers, statistical feature extraction"
US11850196B2,Radio Frequency Carrier Aggregation Controller for Cellular Data Streams (Spec #044 - Ref_426),Methods and apparatus for dynamic radio spectrum management across 5G cellular base stations to minimize co-channel interference and packet loss. Section iteration 44 validates scalability across distributed node clusters and low-power hardware.,"1. A cellular transmission system comprising base station controllers, channel state feedback analyzers, and adaptive power control circuits. 2. The system of claim 1, further comprising automated feature selection step #44.",Telecommunications & Wireless Networks,H04W 84/12,"Wireless local area networks, Wi-Fi protocols, 5G/6G cellular transmission"
US11847907B2,Automated Pattern Recognition System Using High-Dimensional Feature Vectors (Spec #048 - Ref_471),"A computer-implemented system configured to receive input feature vectors, apply dimensionality reduction, and evaluate statistical classifier loss metrics. Section iteration 48 validates scalability across distributed node clusters and low-power hardware.","1. An automated classification apparatus comprising input interfaces configured to capture raw telemetry, feature selection modules, and a statistical classifier generating class predictions. 2. The system of claim 1, further comprising automated feature selection step #48.",Artificial Intelligence & Machine Learning,G06F 18/20,"Pattern recognition, machine learning classifiers, statistical feature extraction"
US11847973B2,Spiking Neural Network Processor with On-Chip Synaptic Weight Memory (Spec #004 - Ref_969),A neuromorphic integrated circuit utilizing non-volatile memory cells as synaptic weights for high-throughput spiking neural network computation. Section iteration 4 validates scalability across distributed node clusters and low-power hardware.,"1. An integrated circuit comprising an array of digital signal processors, on-chip SRAM weight buffers, and control logic executing neural network layers. 2. The system of claim 1, further comprising automated feature selection step #4.",Artificial Intelligence & Machine Learning,G06N 3/02,"Neural network hardware architectures, artificial neural networks, computing chips"
US11849361B2,Autonomous Flight Trajectory Control System for Multi-Rotor Unmanned Aerial Vehicles (Spec #034 - Ref_773),An autonomous unmanned aircraft system utilizing LIDAR and ultrasonic range sensors to navigate complex urban airspace while avoiding static and dynamic obstacles. Section iteration 34 validates scalability across distributed node clusters and low-power hardware.,"1. An aerial drone navigation apparatus comprising obstacle detection sensors, wireless telemetry links, and trajectory planning algorithms. 2. The system of claim 1, further comprising automated feature selection step #34.",Aerospace & Drone Avionics,B64C 39/02,"Unmanned aerial vehicles, quadcopter drone flight control, rotor craft"
US11849624B2,Controlled Release Pharmaceutical Oral Dosage Form Comprising Solid Lipid Nanoparticles (Spec #023 - Ref_955),A pharmaceutical composition comprising active therapeutic compounds encapsulated within micro-polymeric matrices designed for extended systemic absorption. Section iteration 23 validates scalability across distributed node clusters and low-power hardware.,"1. A pharmaceutical composition comprising a therapeutic active ingredient encapsulated within solid lipid nanoparticles and a pharmaceutically acceptable carrier. 2. The system of claim 1, further comprising automated feature selection step #23.",Pharmaceuticals & Medicinal Chemistry,A61K 31/00,"Pharmaceutical preparations, medicinal compounds, controlled release formulations"
US11851897B2,Predictive Patient Monitoring Architecture Using Machine Learning Vital Sign Fusion (Spec #012 - Ref_468),Methods for analyzing unstructured clinical progress notes using natural language processing to extract diagnostic codes and recommend therapeutic interventions. Section iteration 12 validates scalability across distributed node clusters and low-power hardware.,"1. A healthcare data processing system comprising a clinical database interface, a natural language processing module, and predictive risk calculation models. 2. The system of claim 1, further comprising automated feature selection step #12.",Software & Distributed Systems,G16H 50/20,"Healthcare data processing, AI medical decision support, clinical analytics"
US11851598B2,Edge Detection and Boundary Tracking System for Industrial Automated Inspection (Spec #025 - Ref_164),"Automated optical inspection systems utilizing high-resolution image sensors, spatial filtering algorithms, and pattern matching models to detect surface defects. Section iteration 25 validates scalability across distributed node clusters and low-power hardware.","1. An image processing method comprising receiving digital video frames, computing optical flow vectors, and generating object bounding box coordinates. 2. The system of claim 1, further comprising automated feature selection step #25.",Computer Vision & Image Processing,G06T 7/00,"Computer vision, image segmentation, pattern analysis, video stream processing"
US11850289B2,Vehicle Trajectory Planning Computer Based on Real-Time LIDAR Point Cloud Processing (Spec #004 - Ref_205),"An autonomous vehicle control system integrating front-facing camera feeds, radar ranging data, and wheel speed telemetry to execute collision mitigation maneuvers. Section iteration 4 validates scalability across distributed node clusters and low-power hardware.","1. An autonomous vehicle guidance system comprising a LIDAR sensor, a camera processor, and an electronic control unit configured to actuate steering and braking systems. 2. The system of claim 1, further comprising automated feature selection step #4.",Automotive & Autonomous Vehicles,B60W 30/00,"Autonomous vehicle guidance, driver assistance, automated steering control"
US11851342B2,High-Density Through-Silicon Via (TSV) Interconnect Fabrication Protocol (Spec #043 - Ref_430),"Integrated circuit manufacturing tools comprising wafer positioning stages, chemical slurry dispensers, and optical endpoint detection sensors for planarization. Section iteration 43 validates scalability across distributed node clusters and low-power hardware.","1. A semiconductor processing chamber comprising gas distribution showerheads, plasma generation electrodes, and vacuum exhaust systems. 2. The system of claim 1, further comprising automated feature selection step #43.",Semiconductors & Integrated Circuits,H01L 21/00,"Semiconductor device fabrication, lithography, integrated circuit processing"
US11847715B2,Statistical Pattern Recognition Architecture for High-Frequency Data Vector Mining (Spec #022 - Ref_242),A machine learning framework that extracts discriminative feature vectors from complex data streams and classifies operational states using gradient descent algorithms. Section iteration 22 validates scalability across distributed node clusters and low-power hardware.,"1. A pattern recognition system comprising a data processor, memory storing a machine learning classifier model, and instructions to evaluate probability distributions over feature spaces. 2. The system of claim 1, further comprising automated feature selection step #22.",Artificial Intelligence & Machine Learning,G06F 18/20,"Pattern recognition, machine learning classifiers, statistical feature extraction"
US11850311B2,Automated Powertrain Torque Distribution Controller for Electric Drive Vehicles (Spec #007 - Ref_781),Advanced driver assistance systems for electric vehicles comprising sensor fusion processors configured to compute dynamic vehicle trajectories and actuate automated steering. Section iteration 7 validates scalability across distributed node clusters and low-power hardware.,"1. A vehicle safety apparatus comprising radar ranging sensors, brake actuators, and dynamic collision risk prediction software. 2. The system of claim 1, further comprising automated feature selection step #7.",Automotive & Autonomous Vehicles,B60W 30/00,"Autonomous vehicle guidance, driver assistance, automated steering control"
US11848152B2,Convolutional Neural Network Hardware Accelerator for Real-Time Edge Image Processing (Spec #029 - Ref_115),Integrated circuit architectures featuring systolic array multiplier units optimized for low-latency deep learning inference on edge computer vision devices. Section iteration 29 validates scalability across distributed node clusters and low-power hardware.,"1. A hardware accelerator chip comprising a matrix multiplication unit, activation function logic, and high-bandwidth memory interfaces configured for neural network inference. 2. The system of claim 1, further comprising automated feature selection step #29.",Artificial Intelligence & Machine Learning,G06N 3/02,"Neural network hardware architectures, artificial neural networks, computing chips"
US11851539B2,Edge Detection and Boundary Tracking System for Industrial Automated Inspection (Spec #018 - Ref_861),"Computer vision methods and systems for segmenting digital video frames, bounding detected objects, and computing feature trajectories using deep neural networks. Section iteration 18 validates scalability across distributed node clusters and low-power hardware.","1. A computer vision system comprising an image sensor, a GPU frame processor, and software modules configured to segment image frames and classify detected objects. 2. The system of claim 1, further comprising automated feature selection step #18.",Computer Vision & Image Processing,G06T 7/00,"Computer vision, image segmentation, pattern analysis, video stream processing"
US11849095B2,Collision Avoidance Architecture for Swarm Unmanned Aerial Vehicle Navigation (Spec #003 - Ref_228),A flight control computer configured to adjust multi-rotor motor speeds based on Kalman-filtered inertial measurement unit data. Section iteration 3 validates scalability across distributed node clusters and low-power hardware.,"1. A UAV flight stabilization system comprising an inertial measurement unit, GPS positioning receivers, and electronic motor speed controllers. 2. The system of claim 1, further comprising automated feature selection step #3.",Aerospace & Drone Avionics,B64C 39/02,"Unmanned aerial vehicles, quadcopter drone flight control, rotor craft"
US11849662B2,Liposomal Pharmaceutical Suspension for Enhanced Bioavailability and Transdermal Delivery (Spec #027 - Ref_674),"Therapeutic pharmaceutical formulations comprising lipid nanoparticle carriers for enhanced bioavailability, controlled gastric dissolution, and targeted active ingredient release. Section iteration 27 validates scalability across distributed node clusters and low-power hardware.","1. An oral drug delivery system comprising an active medicinal compound, a bioadhesive polymer coat, and a pH-dependent enteric release layer. 2. The system of claim 1, further comprising automated feature selection step #27.",Pharmaceuticals & Medicinal Chemistry,A61K 31/00,"Pharmaceutical preparations, medicinal compounds, controlled release formulations"
US11849514B2,Nanoparticulate Drug Delivery Carrier for Targeted Active Ingredient Release (Spec #006 - Ref_374),A pharmaceutical composition comprising active therapeutic compounds encapsulated within micro-polymeric matrices designed for extended systemic absorption. Section iteration 6 validates scalability across distributed node clusters and low-power hardware.,"1. An oral drug delivery system comprising an active medicinal compound, a bioadhesive polymer coat, and a pH-dependent enteric release layer. 2. The system of claim 1, further comprising automated feature selection step #6.",Pharmaceuticals & Medicinal Chemistry,A61K 31/00,"Pharmaceutical preparations, medicinal compounds, controlled release formulations"
US11848237B2,Systolic Array Architecture for Low-Power Deep Neural Network Matrix Multiplication (Spec #041 - Ref_125),A neuromorphic integrated circuit utilizing non-volatile memory cells as synaptic weights for high-throughput spiking neural network computation. Section iteration 41 validates scalability across distributed node clusters and low-power hardware.,"1. A hardware accelerator chip comprising a matrix multiplication unit, activation function logic, and high-bandwidth memory interfaces configured for neural network inference. 2. The system of claim 1, further comprising automated feature selection step #41.",Artificial Intelligence & Machine Learning,G06N 3/02,"Neural network hardware architectures, artificial neural networks, computing chips"
US11851714B2,Edge Detection and Boundary Tracking System for Industrial Automated Inspection (Spec #039 - Ref_612),"An image processing system configured to receive multi-camera video streams, apply stereoscopic correspondence algorithms, and construct 3D point cloud representations. Section iteration 39 validates scalability across distributed node clusters and low-power hardware.","1. A 3D vision system comprising stereoscopic cameras, depth map calculation units, and point cloud feature extraction processors. 2. The system of claim 1, further comprising automated feature selection step #39.",Computer Vision & Image Processing,G06T 7/00,"Computer vision, image segmentation, pattern analysis, video stream processing"
US11851878B2,Cloud-Based Healthcare Analytics System for Personalized Treatment Recommendation (Spec #010 - Ref_172),"A health telemetry processing platform comprising wearable patient sensors, cloud data ingest engines, and machine learning models trained on physiological time-series. Section iteration 10 validates scalability across distributed node clusters and low-power hardware.","1. A healthcare data processing system comprising a clinical database interface, a natural language processing module, and predictive risk calculation models. 2. The system of claim 1, further comprising automated feature selection step #10.",Software & Distributed Systems,G16H 50/20,"Healthcare data processing, AI medical decision support, clinical analytics"
US11851163B2,Extreme Ultraviolet Lithography Method for Sub-3nm Semiconductor Gate Patterning (Spec #023 - Ref_787),A process for depositing high-k dielectric layers on silicon substrates using atomic layer deposition chambers with precise precursor gas pulses. Section iteration 23 validates scalability across distributed node clusters and low-power hardware.,"1. A method of manufacturing a semiconductor device comprising forming fin structures on a silicon substrate, depositing gate dielectrics, and etching gate electrodes. 2. The system of claim 1, further comprising automated feature selection step #23.",Semiconductors & Integrated Circuits,H01L 21/00,"Semiconductor device fabrication, lithography, integrated circuit processing"
US11847556B2,Statistical Pattern Recognition Architecture for High-Frequency Data Vector Mining (Spec #006 - Ref_291),A machine learning framework that extracts discriminative feature vectors from complex data streams and classifies operational states using gradient descent algorithms. Section iteration 6 validates scalability across distributed node clusters and low-power hardware.,"1. A pattern recognition system comprising a data processor, memory storing a machine learning classifier model, and instructions to evaluate probability distributions over feature spaces. 2. The system of claim 1, further comprising automated feature selection step #6.",Artificial Intelligence & Machine Learning,G06F 18/20,"Pattern recognition, machine learning classifiers, statistical feature extraction"
US11849921B2,Radio Frequency Carrier Aggregation Controller for Cellular Data Streams (Spec #010 - Ref_573),Methods and apparatus for dynamic radio spectrum management across 5G cellular base stations to minimize co-channel interference and packet loss. Section iteration 10 validates scalability across distributed node clusters and low-power hardware.,"1. A cellular transmission system comprising base station controllers, channel state feedback analyzers, and adaptive power control circuits. 2. The system of claim 1, further comprising automated feature selection step #10.",Telecommunications & Wireless Networks,H04W 84/12,"Wireless local area networks, Wi-Fi protocols, 5G/6G cellular transmission"
US11851112B2,High-Density Through-Silicon Via (TSV) Interconnect Fabrication Protocol (Spec #018 - Ref_597),"Integrated circuit manufacturing tools comprising wafer positioning stages, chemical slurry dispensers, and optical endpoint detection sensors for planarization. Section iteration 18 validates scalability across distributed node clusters and low-power hardware.","1. An integrated circuit fabrication process comprising etching through-silicon vias, depositing barrier metal layers, and electroplating copper interconnects. 2. The system of claim 1, further comprising automated feature selection step #18.",Semiconductors & Integrated Circuits,H01L 21/00,"Semiconductor device fabrication, lithography, integrated circuit processing"
US11851723B2,Real-Time Video Object Detection and Tracking System Using Deep Convolutional Networks (Spec #041 - Ref_219),"Computer vision methods and systems for segmenting digital video frames, bounding detected objects, and computing feature trajectories using deep neural networks. Section iteration 41 validates scalability across distributed node clusters and low-power hardware.","1. A computer vision system comprising an image sensor, a GPU frame processor, and software modules configured to segment image frames and classify detected objects. 2. The system of claim 1, further comprising automated feature selection step #41.",Computer Vision & Image Processing,G06T 7/00,"Computer vision, image segmentation, pattern analysis, video stream processing"
US11851557B2,Edge Detection and Boundary Tracking System for Industrial Automated Inspection (Spec #021 - Ref_526),"Computer vision methods and systems for segmenting digital video frames, bounding detected objects, and computing feature trajectories using deep neural networks. Section iteration 21 validates scalability across distributed node clusters and low-power hardware.","1. A 3D vision system comprising stereoscopic cameras, depth map calculation units, and point cloud feature extraction processors. 2. The system of claim 1, further comprising automated feature selection step #21.",Computer Vision & Image Processing,G06T 7/00,"Computer vision, image segmentation, pattern analysis, video stream processing"
US11849084B2,Autonomous Flight Trajectory Control System for Multi-Rotor Unmanned Aerial Vehicles (Spec #002 - Ref_950),Avionics control architectures for autonomous quadcopter UAV drones featuring real-time altitude telemetry sensor fusion and dynamic trajectory optimization. Section iteration 2 validates scalability across distributed node clusters and low-power hardware.,"1. An autonomous unmanned aerial vehicle comprising a flight control processor, rotor actuators, and sensors configured to compute dynamic aerodynamic trajectories. 2. The system of claim 1, further comprising automated feature selection step #2.",Aerospace & Drone Avionics,B64C 39/02,"Unmanned aerial vehicles, quadcopter drone flight control, rotor craft"
US11849796B2,Sustained-Release Pharmaceutical Matrix Formulated with Hydrophilic Polymer Excipients (Spec #046 - Ref_976),Novel medicinal formulations comprising organic therapeutic inhibitors combined with pharmaceutically acceptable excipients to achieve controlled therapeutic dosage profiles. Section iteration 46 validates scalability across distributed node clusters and low-power hardware.,"1. An oral drug delivery system comprising an active medicinal compound, a bioadhesive polymer coat, and a pH-dependent enteric release layer. 2. The system of claim 1, further comprising automated feature selection step #46.",Pharmaceuticals & Medicinal Chemistry,A61K 31/00,"Pharmaceutical preparations, medicinal compounds, controlled release formulations"
US11848746B2,Recombinant DNA Molecule Designed for Gene Knockout and Transcriptional Regulation (Spec #005 - Ref_586),Recombinant genetic vectors comprising synthetic promoter regions and ribosomal binding sites engineered for elevated recombinant protein expression. Section iteration 5 validates scalability across distributed node clusters and low-power hardware.,"1. A recombinant nucleic acid molecule comprising a promoter sequence, a guide RNA targeting domain, and a Cas9 endonuclease coding sequence configured for genome editing. 2. The system of claim 1, further comprising automated feature selection step #5.",Biotechnology & Genomics,C12N 15/09,"Recombinant DNA technology, genetic engineering vectors, nucleic acid mutation"
US11852106B2,Predictive Patient Monitoring Architecture Using Machine Learning Vital Sign Fusion (Spec #042 - Ref_313),"A health telemetry processing platform comprising wearable patient sensors, cloud data ingest engines, and machine learning models trained on physiological time-series. Section iteration 42 validates scalability across distributed node clusters and low-power hardware.","1. A healthcare data processing system comprising a clinical database interface, a natural language processing module, and predictive risk calculation models. 2. The system of claim 1, further comprising automated feature selection step #42.",Software & Distributed Systems,G16H 50/20,"Healthcare data processing, AI medical decision support, clinical analytics"
US11847753B2,Supervised Machine Learning Classifier with Dynamic Loss Function Optimization (Spec #028 - Ref_703),A machine learning framework that extracts discriminative feature vectors from complex data streams and classifies operational states using gradient descent algorithms. Section iteration 28 validates scalability across distributed node clusters and low-power hardware.,"1. A computer-implemented method comprising receiving sensor data streams, generating feature vectors using a convolutional neural network layer, and computing loss functions based on multi-task attention mechanisms. 2. The system of claim 1, further comprising automated feature selection step #28.",Artificial Intelligence & Machine Learning,G06F 18/20,"Pattern recognition, machine learning classifiers, statistical feature extraction"
US11849377B2,Autonomous Vertical Takeoff and Landing (VTOL) Flight Control Computer (Spec #037 - Ref_672),A flight control computer configured to adjust multi-rotor motor speeds based on Kalman-filtered inertial measurement unit data. Section iteration 37 validates scalability across distributed node clusters and low-power hardware.,"1. An aerial drone navigation apparatus comprising obstacle detection sensors, wireless telemetry links, and trajectory planning algorithms. 2. The system of claim 1, further comprising automated feature selection step #37.",Aerospace & Drone Avionics,B64C 39/02,"Unmanned aerial vehicles, quadcopter drone flight control, rotor craft"
US11851937B2,Cloud-Based Healthcare Analytics System for Personalized Treatment Recommendation (Spec #019 - Ref_585),"Computer-implemented clinical decision support platforms configured to aggregate electronic health records, extract clinical parameters using NLP, and predict adverse events. Section iteration 19 validates scalability across distributed node clusters and low-power hardware.","1. A patient monitoring system comprising biosensor telemetry inputs, anomaly detection software algorithms, and automated clinical notification modules. 2. The system of claim 1, further comprising automated feature selection step #19.",Software & Distributed Systems,G16H 50/20,"Healthcare data processing, AI medical decision support, clinical analytics"
US11849865B2,Adaptive Modulation and Coding Scheme for High-Density Wi-Fi Access Points (Spec #003 - Ref_457),A wireless transceiver system operating in unlicensed millimeter-wave frequencies utilizing spatial division multiplexing and digital pre-distortion. Section iteration 3 validates scalability across distributed node clusters and low-power hardware.,"1. A wireless communication device comprising a multi-antenna array, a radio frequency transceiver, and a baseband processor configured to generate beamforming spatial weights. 2. The system of claim 1, further comprising automated feature selection step #3.",Telecommunications & Wireless Networks,H04W 84/12,"Wireless local area networks, Wi-Fi protocols, 5G/6G cellular transmission"
US11852010B2,Electronic Health Record NLP Analytics Engine for Automated Clinical Coding (Spec #028 - Ref_764),Methods for analyzing unstructured clinical progress notes using natural language processing to extract diagnostic codes and recommend therapeutic interventions. Section iteration 28 validates scalability across distributed node clusters and low-power hardware.,"1. A healthcare data processing system comprising a clinical database interface, a natural language processing module, and predictive risk calculation models. 2. The system of claim 1, further comprising automated feature selection step #28.",Software & Distributed Systems,G16H 50/20,"Healthcare data processing, AI medical decision support, clinical analytics"
US11847697B2,System and Method for Deep Learning Feature Classification in Multi-Modal Sensor Networks (Spec #020 - Ref_138),A machine learning framework that extracts discriminative feature vectors from complex data streams and classifies operational states using gradient descent algorithms. Section iteration 20 validates scalability across distributed node clusters and low-power hardware.,"1. A computer-implemented method comprising receiving sensor data streams, generating feature vectors using a convolutional neural network layer, and computing loss functions based on multi-task attention mechanisms. 2. The system of claim 1, further comprising automated feature selection step #20.",Artificial Intelligence & Machine Learning,G06F 18/20,"Pattern recognition, machine learning classifiers, statistical feature extraction"
US11850159B2,Radio Frequency Carrier Aggregation Controller for Cellular Data Streams (Spec #038 - Ref_301),Wireless communication architectures for multi-user MIMO access points configured to optimize beamforming weights and channel bandwidth allocation in dense Wi-Fi environments. Section iteration 38 validates scalability across distributed node clusters and low-power hardware.,"1. A wireless access point comprising a MAC layer controller, packet scheduling logic, and physical layer modems supporting high-throughput quadrature amplitude modulation. 2. The system of claim 1, further comprising automated feature selection step #38.",Telecommunications & Wireless Networks,H04W 84/12,"Wireless local area networks, Wi-Fi protocols, 5G/6G cellular transmission"
US11850854B2,Electrochemical Biosensor Cartridge for Quantitative Blood Glucose and Biomarker Measurement (Spec #033 - Ref_827),A portable medical diagnostic device comprising electrochemical sensor strips and micro-controller circuitry calibrated for rapid analyte concentration measurement. Section iteration 33 validates scalability across distributed node clusters and low-power hardware.,"1. A point-of-care medical diagnostic instrument comprising fluidic actuators, temperature control elements, and fluorescence detection optics. 2. The system of claim 1, further comprising automated feature selection step #33.",Medical Devices & Healthcare Technology,G01N 33/50,"Biological assay testing, biosensors, chemical analysis diagnostic devices"
US11851520B2,Semantic Image Segmentation Architecture for High-Resolution Medical Scans (Spec #015 - Ref_477),"An image processing system configured to receive multi-camera video streams, apply stereoscopic correspondence algorithms, and construct 3D point cloud representations. Section iteration 15 validates scalability across distributed node clusters and low-power hardware.","1. An image processing method comprising receiving digital video frames, computing optical flow vectors, and generating object bounding box coordinates. 2. The system of claim 1, further comprising automated feature selection step #15.",Computer Vision & Image Processing,G06T 7/00,"Computer vision, image segmentation, pattern analysis, video stream processing"
US11850461B2,Vehicle Trajectory Planning Computer Based on Real-Time LIDAR Point Cloud Processing (Spec #025 - Ref_117),"An autonomous vehicle control system integrating front-facing camera feeds, radar ranging data, and wheel speed telemetry to execute collision mitigation maneuvers. Section iteration 25 validates scalability across distributed node clusters and low-power hardware.","1. An autonomous vehicle guidance system comprising a LIDAR sensor, a camera processor, and an electronic control unit configured to actuate steering and braking systems. 2. The system of claim 1, further comprising automated feature selection step #25.",Automotive & Autonomous Vehicles,B60W 30/00,"Autonomous vehicle guidance, driver assistance, automated steering control"
US11850004B2,Adaptive Modulation and Coding Scheme for High-Density Wi-Fi Access Points (Spec #020 - Ref_160),Wireless communication architectures for multi-user MIMO access points configured to optimize beamforming weights and channel bandwidth allocation in dense Wi-Fi environments. Section iteration 20 validates scalability across distributed node clusters and low-power hardware.,"1. A cellular transmission system comprising base station controllers, channel state feedback analyzers, and adaptive power control circuits. 2. The system of claim 1, further comprising automated feature selection step #20.",Telecommunications & Wireless Networks,H04W 84/12,"Wireless local area networks, Wi-Fi protocols, 5G/6G cellular transmission"
US11849370B2,Autonomous Flight Trajectory Control System for Multi-Rotor Unmanned Aerial Vehicles (Spec #035 - Ref_294),Avionics control architectures for autonomous quadcopter UAV drones featuring real-time altitude telemetry sensor fusion and dynamic trajectory optimization. Section iteration 35 validates scalability across distributed node clusters and low-power hardware.,"1. A UAV flight stabilization system comprising an inertial measurement unit, GPS positioning receivers, and electronic motor speed controllers. 2. The system of claim 1, further comprising automated feature selection step #35.",Aerospace & Drone Avionics,B64C 39/02,"Unmanned aerial vehicles, quadcopter drone flight control, rotor craft"
US11848826B2,Recombinant Plasmid Vector for Targeted CRISPR-Cas9 Gene Editing Assays (Spec #017 - Ref_245),Synthetic nucleic acid constructs encoding Cas endonuclease proteins and guide RNA sequences for high-efficiency eukaryotic genome modification. Section iteration 17 validates scalability across distributed node clusters and low-power hardware.,"1. An engineered DNA vector comprising an expression cassette, a selectable marker gene, and site-specific recombination target sequences. 2. The system of claim 1, further comprising automated feature selection step #17.",Biotechnology & Genomics,C12N 15/09,"Recombinant DNA technology, genetic engineering vectors, nucleic acid mutation"
US11852150B2,Clinical Artificial Intelligence Decision Support Platform for Patient Outcome Prediction (Spec #045 - Ref_794),Methods for analyzing unstructured clinical progress notes using natural language processing to extract diagnostic codes and recommend therapeutic interventions. Section iteration 45 validates scalability across distributed node clusters and low-power hardware.,"1. A patient monitoring system comprising biosensor telemetry inputs, anomaly detection software algorithms, and automated clinical notification modules. 2. The system of claim 1, further comprising automated feature selection step #45.",Software & Distributed Systems,G16H 50/20,"Healthcare data processing, AI medical decision support, clinical analytics"
US11851657B2,Facial Feature Extraction and Biometric Verification Engine for Video Surveillance (Spec #033 - Ref_649),"Computer vision methods and systems for segmenting digital video frames, bounding detected objects, and computing feature trajectories using deep neural networks. Section iteration 33 validates scalability across distributed node clusters and low-power hardware.","1. A computer vision system comprising an image sensor, a GPU frame processor, and software modules configured to segment image frames and classify detected objects. 2. The system of claim 1, further comprising automated feature selection step #33.",Computer Vision & Image Processing,G06T 7/00,"Computer vision, image segmentation, pattern analysis, video stream processing"
US11851380B2,Extreme Ultraviolet Lithography Method for Sub-3nm Semiconductor Gate Patterning (Spec #049 - Ref_242),A process for depositing high-k dielectric layers on silicon substrates using atomic layer deposition chambers with precise precursor gas pulses. Section iteration 49 validates scalability across distributed node clusters and low-power hardware.,"1. A semiconductor processing chamber comprising gas distribution showerheads, plasma generation electrodes, and vacuum exhaust systems. 2. The system of claim 1, further comprising automated feature selection step #49.",Semiconductors & Integrated Circuits,H01L 21/00,"Semiconductor device fabrication, lithography, integrated circuit processing"
US11848438B2,Decentralized Blockchain Verification Protocol with Zero-Knowledge Proof Signatures (Spec #017 - Ref_339),A cryptographic security framework utilizing zero-knowledge proof primitives and elliptic curve digital signatures for decentralized token verification across public ledgers. Section iteration 17 validates scalability across distributed node clusters and low-power hardware.,"1. A computer-implemented method comprising generating zero-knowledge proof tokens, verifying public key hashes, and validating transaction blocks across a peer-to-peer network. 2. The system of claim 1, further comprising automated feature selection step #17.","Cryptography, Cybersecurity & Blockchain",H04L 9/32,"Digital signatures, message authentication, cryptographic security protocols"
US11848915B2,Synthetic Messenger RNA Construct with Enhanced Ribosomal Translation Efficiency (Spec #027 - Ref_420),Synthetic nucleic acid constructs encoding Cas endonuclease proteins and guide RNA sequences for high-efficiency eukaryotic genome modification. Section iteration 27 validates scalability across distributed node clusters and low-power hardware.,"1. A recombinant nucleic acid molecule comprising a promoter sequence, a guide RNA targeting domain, and a Cas9 endonuclease coding sequence configured for genome editing. 2. The system of claim 1, further comprising automated feature selection step #27.",Biotechnology & Genomics,C12N 15/09,"Recombinant DNA technology, genetic engineering vectors, nucleic acid mutation"
US11849928B2,Adaptive Modulation and Coding Scheme for High-Density Wi-Fi Access Points (Spec #011 - Ref_977),Methods and apparatus for dynamic radio spectrum management across 5G cellular base stations to minimize co-channel interference and packet loss. Section iteration 11 validates scalability across distributed node clusters and low-power hardware.,"1. A wireless access point comprising a MAC layer controller, packet scheduling logic, and physical layer modems supporting high-throughput quadrature amplitude modulation. 2. The system of claim 1, further comprising automated feature selection step #11.",Telecommunications & Wireless Networks,H04W 84/12,"Wireless local area networks, Wi-Fi protocols, 5G/6G cellular transmission"
US11849983B2,Ultra-Low Latency Wireless Packet Transmission Architecture for OFDM Networks (Spec #017 - Ref_695),Wireless communication architectures for multi-user MIMO access points configured to optimize beamforming weights and channel bandwidth allocation in dense Wi-Fi environments. Section iteration 17 validates scalability across distributed node clusters and low-power hardware.,"1. A wireless access point comprising a MAC layer controller, packet scheduling logic, and physical layer modems supporting high-throughput quadrature amplitude modulation. 2. The system of claim 1, further comprising automated feature selection step #17.",Telecommunications & Wireless Networks,H04W 84/12,"Wireless local area networks, Wi-Fi protocols, 5G/6G cellular transmission"
US11850471B2,Automated Powertrain Torque Distribution Controller for Electric Drive Vehicles (Spec #026 - Ref_755),"An autonomous vehicle control system integrating front-facing camera feeds, radar ranging data, and wheel speed telemetry to execute collision mitigation maneuvers. Section iteration 26 validates scalability across distributed node clusters and low-power hardware.","1. An autonomous vehicle guidance system comprising a LIDAR sensor, a camera processor, and an electronic control unit configured to actuate steering and braking systems. 2. The system of claim 1, further comprising automated feature selection step #26.",Automotive & Autonomous Vehicles,B60W 30/00,"Autonomous vehicle guidance, driver assistance, automated steering control"
US11851968B2,Distributed Health Data Processing System for Real-Time Vital Sign Anomaly Detection (Spec #022 - Ref_982),"A health telemetry processing platform comprising wearable patient sensors, cloud data ingest engines, and machine learning models trained on physiological time-series. Section iteration 22 validates scalability across distributed node clusters and low-power hardware.","1. A medical decision support apparatus comprising memory storing patient health records, clinical guideline rule engines, and machine learning risk scoring processors. 2. The system of claim 1, further comprising automated feature selection step #22.",Software & Distributed Systems,G16H 50/20,"Healthcare data processing, AI medical decision support, clinical analytics"
US11847704B2,System and Method for Deep Learning Feature Classification in Multi-Modal Sensor Networks (Spec #021 - Ref_128),"A computer-implemented system configured to receive input feature vectors, apply dimensionality reduction, and evaluate statistical classifier loss metrics. Section iteration 21 validates scalability across distributed node clusters and low-power hardware.","1. A computer-implemented method comprising receiving sensor data streams, generating feature vectors using a convolutional neural network layer, and computing loss functions based on multi-task attention mechanisms. 2. The system of claim 1, further comprising automated feature selection step #21.",Artificial Intelligence & Machine Learning,G06F 18/20,"Pattern recognition, machine learning classifiers, statistical feature extraction"
US11850831B2,Optofluidic Assay Platform for High-Throughput Single-Cell Fluorescence Monitoring (Spec #028 - Ref_824),"A microfluidic biochip system featuring capillary fluidic channels, reagent storage reservoirs, and integrated photodiode detection arrays. Section iteration 28 validates scalability across distributed node clusters and low-power hardware.","1. A point-of-care medical diagnostic instrument comprising fluidic actuators, temperature control elements, and fluorescence detection optics. 2. The system of claim 1, further comprising automated feature selection step #28.",Medical Devices & Healthcare Technology,G01N 33/50,"Biological assay testing, biosensors, chemical analysis diagnostic devices"
US11848076B2,Spiking Neural Network Processor with On-Chip Synaptic Weight Memory (Spec #020 - Ref_908),Integrated circuit architectures featuring systolic array multiplier units optimized for low-latency deep learning inference on edge computer vision devices. Section iteration 20 validates scalability across distributed node clusters and low-power hardware.,"1. A hardware accelerator chip comprising a matrix multiplication unit, activation function logic, and high-bandwidth memory interfaces configured for neural network inference. 2. The system of claim 1, further comprising automated feature selection step #20.",Artificial Intelligence & Machine Learning,G06N 3/02,"Neural network hardware architectures, artificial neural networks, computing chips"
US11851600B2,Semantic Image Segmentation Architecture for High-Resolution Medical Scans (Spec #026 - Ref_950),"An image processing system configured to receive multi-camera video streams, apply stereoscopic correspondence algorithms, and construct 3D point cloud representations. Section iteration 26 validates scalability across distributed node clusters and low-power hardware.","1. An image processing method comprising receiving digital video frames, computing optical flow vectors, and generating object bounding box coordinates. 2. The system of claim 1, further comprising automated feature selection step #26.",Computer Vision & Image Processing,G06T 7/00,"Computer vision, image segmentation, pattern analysis, video stream processing"
US11851795B2,Facial Feature Extraction and Biometric Verification Engine for Video Surveillance (Spec #050 - Ref_168),"An image processing system configured to receive multi-camera video streams, apply stereoscopic correspondence algorithms, and construct 3D point cloud representations. Section iteration 50 validates scalability across distributed node clusters and low-power hardware.","1. A computer vision system comprising an image sensor, a GPU frame processor, and software modules configured to segment image frames and classify detected objects. 2. The system of claim 1, further comprising automated feature selection step #50.",Computer Vision & Image Processing,G06T 7/00,"Computer vision, image segmentation, pattern analysis, video stream processing"
US11847658B2,Statistical Pattern Recognition Architecture for High-Frequency Data Vector Mining (Spec #016 - Ref_153),"A computer-implemented system configured to receive input feature vectors, apply dimensionality reduction, and evaluate statistical classifier loss metrics. Section iteration 16 validates scalability across distributed node clusters and low-power hardware.","1. A pattern recognition system comprising a data processor, memory storing a machine learning classifier model, and instructions to evaluate probability distributions over feature spaces. 2. The system of claim 1, further comprising automated feature selection step #16.",Artificial Intelligence & Machine Learning,G06F 18/20,"Pattern recognition, machine learning classifiers, statistical feature extraction"
US11849500B2,Therapeutic Small Molecule Inhibitor Composition for Targeted Enzyme Binding (Spec #004 - Ref_944),Novel medicinal formulations comprising organic therapeutic inhibitors combined with pharmaceutically acceptable excipients to achieve controlled therapeutic dosage profiles. Section iteration 4 validates scalability across distributed node clusters and low-power hardware.,"1. An oral drug delivery system comprising an active medicinal compound, a bioadhesive polymer coat, and a pH-dependent enteric release layer. 2. The system of claim 1, further comprising automated feature selection step #4.",Pharmaceuticals & Medicinal Chemistry,A61K 31/00,"Pharmaceutical preparations, medicinal compounds, controlled release formulations"
US11850381B2,Autonomous Vehicle Lane Keeping Assistance and Automated Steering Controller (Spec #014 - Ref_553),"An autonomous vehicle control system integrating front-facing camera feeds, radar ranging data, and wheel speed telemetry to execute collision mitigation maneuvers. Section iteration 14 validates scalability across distributed node clusters and low-power hardware.","1. An automated vehicle control system comprising lateral steering controllers, longitudinal speed managers, and sensor fusion modules. 2. The system of claim 1, further comprising automated feature selection step #14.",Automotive & Autonomous Vehicles,B60W 30/00,"Autonomous vehicle guidance, driver assistance, automated steering control"
US11848733B2,Recombinant Plasmid Vector for Targeted CRISPR-Cas9 Gene Editing Assays (Spec #004 - Ref_960),"Genetic engineering constructs and recombinant DNA vectors optimized for targeted nucleotide cleavage, genomic sequence editing, and gene expression modulation. Section iteration 4 validates scalability across distributed node clusters and low-power hardware.","1. An engineered DNA vector comprising an expression cassette, a selectable marker gene, and site-specific recombination target sequences. 2. The system of claim 1, further comprising automated feature selection step #4.",Biotechnology & Genomics,C12N 15/09,"Recombinant DNA technology, genetic engineering vectors, nucleic acid mutation"
US11851192B2,Extreme Ultraviolet Lithography Method for Sub-3nm Semiconductor Gate Patterning (Spec #026 - Ref_576),Semiconductor manufacturing methods featuring advanced plasma etching and extreme ultraviolet lithography techniques for fabricating nanoscale FinFET transistor gates. Section iteration 26 validates scalability across distributed node clusters and low-power hardware.,"1. A method of manufacturing a semiconductor device comprising forming fin structures on a silicon substrate, depositing gate dielectrics, and etching gate electrodes. 2. The system of claim 1, further comprising automated feature selection step #26.",Semiconductors & Integrated Circuits,H01L 21/00,"Semiconductor device fabrication, lithography, integrated circuit processing"
US11850535B2,Predictive Emergency Braking System for Electric Vehicles Using Radar Sensor Fusion (Spec #037 - Ref_220),Advanced driver assistance systems for electric vehicles comprising sensor fusion processors configured to compute dynamic vehicle trajectories and actuate automated steering. Section iteration 37 validates scalability across distributed node clusters and low-power hardware.,"1. An autonomous vehicle guidance system comprising a LIDAR sensor, a camera processor, and an electronic control unit configured to actuate steering and braking systems. 2. The system of claim 1, further comprising automated feature selection step #37.",Automotive & Autonomous Vehicles,B60W 30/00,"Autonomous vehicle guidance, driver assistance, automated steering control"
US11850646B2,Electrochemical Biosensor Cartridge for Quantitative Blood Glucose and Biomarker Measurement (Spec #004 - Ref_114),A portable medical diagnostic device comprising electrochemical sensor strips and micro-controller circuitry calibrated for rapid analyte concentration measurement. Section iteration 4 validates scalability across distributed node clusters and low-power hardware.,"1. A point-of-care medical diagnostic instrument comprising fluidic actuators, temperature control elements, and fluorescence detection optics. 2. The system of claim 1, further comprising automated feature selection step #4.",Medical Devices & Healthcare Technology,G01N 33/50,"Biological assay testing, biosensors, chemical analysis diagnostic devices"
US11848078B2,Spiking Neural Network Processor with On-Chip Synaptic Weight Memory (Spec #021 - Ref_768),A hardware accelerator chip comprising an array of processing elements configured to execute parallel matrix-vector multiplications for artificial neural networks. Section iteration 21 validates scalability across distributed node clusters and low-power hardware.,"1. A hardware accelerator chip comprising a matrix multiplication unit, activation function logic, and high-bandwidth memory interfaces configured for neural network inference. 2. The system of claim 1, further comprising automated feature selection step #21.",Artificial Intelligence & Machine Learning,G06N 3/02,"Neural network hardware architectures, artificial neural networks, computing chips"
US11851318B2,Plasma Atomic Layer Deposition Process for Ultra-Thin Dielectric Film Layers (Spec #040 - Ref_244),A process for depositing high-k dielectric layers on silicon substrates using atomic layer deposition chambers with precise precursor gas pulses. Section iteration 40 validates scalability across distributed node clusters and low-power hardware.,"1. A semiconductor processing chamber comprising gas distribution showerheads, plasma generation electrodes, and vacuum exhaust systems. 2. The system of claim 1, further comprising automated feature selection step #40.",Semiconductors & Integrated Circuits,H01L 21/00,"Semiconductor device fabrication, lithography, integrated circuit processing"
US11850641B2,Point-of-Care Diagnostic Assay System for Pathogen Nucleic Acid Amplification (Spec #003 - Ref_448),"A microfluidic biochip system featuring capillary fluidic channels, reagent storage reservoirs, and integrated photodiode detection arrays. Section iteration 3 validates scalability across distributed node clusters and low-power hardware.","1. A point-of-care medical diagnostic instrument comprising fluidic actuators, temperature control elements, and fluorescence detection optics. 2. The system of claim 1, further comprising automated feature selection step #3.",Medical Devices & Healthcare Technology,G01N 33/50,"Biological assay testing, biosensors, chemical analysis diagnostic devices"
US11850886B2,Surface Plasmon Resonance Biosensor Device for Real-Time Protein Binding Kinetics (Spec #037 - Ref_114),"A microfluidic biochip system featuring capillary fluidic channels, reagent storage reservoirs, and integrated photodiode detection arrays. Section iteration 37 validates scalability across distributed node clusters and low-power hardware.","1. A diagnostic biosensor device comprising a sample inlet, microfluidic reaction channels containing immobilised capture probes, and an optical photodetector. 2. The system of claim 1, further comprising automated feature selection step #37.",Medical Devices & Healthcare Technology,G01N 33/50,"Biological assay testing, biosensors, chemical analysis diagnostic devices"
US11847552B2,Supervised Machine Learning Classifier with Dynamic Loss Function Optimization (Spec #004 - Ref_790),Methods and systems for training multi-layer neural network classifiers using dynamic feature extraction from multi-modal sensor arrays to optimize pattern recognition performance. Section iteration 4 validates scalability across distributed node clusters and low-power hardware.,"1. An automated classification apparatus comprising input interfaces configured to capture raw telemetry, feature selection modules, and a statistical classifier generating class predictions. 2. The system of claim 1, further comprising automated feature selection step #4.",Artificial Intelligence & Machine Learning,G06F 18/20,"Pattern recognition, machine learning classifiers, statistical feature extraction"
US11850444B2,Autonomous Vehicle Lane Keeping Assistance and Automated Steering Controller (Spec #023 - Ref_301),Advanced driver assistance systems for electric vehicles comprising sensor fusion processors configured to compute dynamic vehicle trajectories and actuate automated steering. Section iteration 23 validates scalability across distributed node clusters and low-power hardware.,"1. A vehicle safety apparatus comprising radar ranging sensors, brake actuators, and dynamic collision risk prediction software. 2. The system of claim 1, further comprising automated feature selection step #23.",Automotive & Autonomous Vehicles,B60W 30/00,"Autonomous vehicle guidance, driver assistance, automated steering control"
US11849597B2,Liposomal Pharmaceutical Suspension for Enhanced Bioavailability and Transdermal Delivery (Spec #018 - Ref_207),A pharmaceutical composition comprising active therapeutic compounds encapsulated within micro-polymeric matrices designed for extended systemic absorption. Section iteration 18 validates scalability across distributed node clusters and low-power hardware.,"1. A therapeutic formulation comprising effective amounts of an enzymatic inhibitor compound combined with stabilizing excipient salts. 2. The system of claim 1, further comprising automated feature selection step #18.",Pharmaceuticals & Medicinal Chemistry,A61K 31/00,"Pharmaceutical preparations, medicinal compounds, controlled release formulations"
US11847994B2,Neuromorphic Computing Chip Featuring Parallel Synaptic Interconnect Arrays (Spec #008 - Ref_183),Integrated circuit architectures featuring systolic array multiplier units optimized for low-latency deep learning inference on edge computer vision devices. Section iteration 8 validates scalability across distributed node clusters and low-power hardware.,"1. An integrated circuit comprising an array of digital signal processors, on-chip SRAM weight buffers, and control logic executing neural network layers. 2. The system of claim 1, further comprising automated feature selection step #8.",Artificial Intelligence & Machine Learning,G06N 3/02,"Neural network hardware architectures, artificial neural networks, computing chips"
US11847978B2,Neuromorphic Computing Chip Featuring Parallel Synaptic Interconnect Arrays (Spec #005 - Ref_307),A hardware accelerator chip comprising an array of processing elements configured to execute parallel matrix-vector multiplications for artificial neural networks. Section iteration 5 validates scalability across distributed node clusters and low-power hardware.,"1. An integrated circuit comprising an array of digital signal processors, on-chip SRAM weight buffers, and control logic executing neural network layers. 2. The system of claim 1, further comprising automated feature selection step #5.",Artificial Intelligence & Machine Learning,G06N 3/02,"Neural network hardware architectures, artificial neural networks, computing chips"
US11848995B2,Recombinant Plasmid Vector for Targeted CRISPR-Cas9 Gene Editing Assays (Spec #038 - Ref_817),Recombinant genetic vectors comprising synthetic promoter regions and ribosomal binding sites engineered for elevated recombinant protein expression. Section iteration 38 validates scalability across distributed node clusters and low-power hardware.,"1. A recombinant nucleic acid molecule comprising a promoter sequence, a guide RNA targeting domain, and a Cas9 endonuclease coding sequence configured for genome editing. 2. The system of claim 1, further comprising automated feature selection step #38.",Biotechnology & Genomics,C12N 15/09,"Recombinant DNA technology, genetic engineering vectors, nucleic acid mutation"
US11848703B2,Synthetic Messenger RNA Construct with Enhanced Ribosomal Translation Efficiency (Spec #001 - Ref_139),Synthetic nucleic acid constructs encoding Cas endonuclease proteins and guide RNA sequences for high-efficiency eukaryotic genome modification. Section iteration 1 validates scalability across distributed node clusters and low-power hardware.,"1. A recombinant nucleic acid molecule comprising a promoter sequence, a guide RNA targeting domain, and a Cas9 endonuclease coding sequence configured for genome editing. 2. The system of claim 1, further comprising automated feature selection step #1.",Biotechnology & Genomics,C12N 15/09,"Recombinant DNA technology, genetic engineering vectors, nucleic acid mutation"
US11850972B2,Optofluidic Assay Platform for High-Throughput Single-Cell Fluorescence Monitoring (Spec #047 - Ref_348),A portable medical diagnostic device comprising electrochemical sensor strips and micro-controller circuitry calibrated for rapid analyte concentration measurement. Section iteration 47 validates scalability across distributed node clusters and low-power hardware.,"1. An electrochemical assay cartridge comprising working and reference electrodes coated with enzymatic reagent layers and readout electronics. 2. The system of claim 1, further comprising automated feature selection step #47.",Medical Devices & Healthcare Technology,G01N 33/50,"Biological assay testing, biosensors, chemical analysis diagnostic devices"
US11847627B2,Supervised Machine Learning Classifier with Dynamic Loss Function Optimization (Spec #013 - Ref_253),"A computer-implemented system configured to receive input feature vectors, apply dimensionality reduction, and evaluate statistical classifier loss metrics. Section iteration 13 validates scalability across distributed node clusters and low-power hardware.","1. An automated classification apparatus comprising input interfaces configured to capture raw telemetry, feature selection modules, and a statistical classifier generating class predictions. 2. The system of claim 1, further comprising automated feature selection step #13.",Artificial Intelligence & Machine Learning,G06F 18/20,"Pattern recognition, machine learning classifiers, statistical feature extraction"
US11849763B2,Nanoparticulate Drug Delivery Carrier for Targeted Active Ingredient Release (Spec #041 - Ref_928),"Therapeutic pharmaceutical formulations comprising lipid nanoparticle carriers for enhanced bioavailability, controlled gastric dissolution, and targeted active ingredient release. Section iteration 41 validates scalability across distributed node clusters and low-power hardware.","1. An oral drug delivery system comprising an active medicinal compound, a bioadhesive polymer coat, and a pH-dependent enteric release layer. 2. The system of claim 1, further comprising automated feature selection step #41.",Pharmaceuticals & Medicinal Chemistry,A61K 31/00,"Pharmaceutical preparations, medicinal compounds, controlled release formulations"
US11851306B2,Extreme Ultraviolet Lithography Method for Sub-3nm Semiconductor Gate Patterning (Spec #039 - Ref_859),Semiconductor manufacturing methods featuring advanced plasma etching and extreme ultraviolet lithography techniques for fabricating nanoscale FinFET transistor gates. Section iteration 39 validates scalability across distributed node clusters and low-power hardware.,"1. A method of manufacturing a semiconductor device comprising forming fin structures on a silicon substrate, depositing gate dielectrics, and etching gate electrodes. 2. The system of claim 1, further comprising automated feature selection step #39.",Semiconductors & Integrated Circuits,H01L 21/00,"Semiconductor device fabrication, lithography, integrated circuit processing"
US11848720B2,Multiplexed Guide RNA Gene Delivery Architecture for Therapeutic Endonuclease Expression (Spec #003 - Ref_203),Synthetic nucleic acid constructs encoding Cas endonuclease proteins and guide RNA sequences for high-efficiency eukaryotic genome modification. Section iteration 3 validates scalability across distributed node clusters and low-power hardware.,"1. An engineered DNA vector comprising an expression cassette, a selectable marker gene, and site-specific recombination target sequences. 2. The system of claim 1, further comprising automated feature selection step #3.",Biotechnology & Genomics,C12N 15/09,"Recombinant DNA technology, genetic engineering vectors, nucleic acid mutation"
US11851892B2,Electronic Health Record NLP Analytics Engine for Automated Clinical Coding (Spec #011 - Ref_535),"A health telemetry processing platform comprising wearable patient sensors, cloud data ingest engines, and machine learning models trained on physiological time-series. Section iteration 11 validates scalability across distributed node clusters and low-power hardware.","1. A medical decision support apparatus comprising memory storing patient health records, clinical guideline rule engines, and machine learning risk scoring processors. 2. The system of claim 1, further comprising automated feature selection step #11.",Software & Distributed Systems,G16H 50/20,"Healthcare data processing, AI medical decision support, clinical analytics"
US11848400B2,Elliptic Curve Cryptographic Authentication Scheme for Distributed Microservice APIs (Spec #012 - Ref_124),A cryptographic security framework utilizing zero-knowledge proof primitives and elliptic curve digital signatures for decentralized token verification across public ledgers. Section iteration 12 validates scalability across distributed node clusters and low-power hardware.,"1. A cryptographic authentication system comprising key generation modules, signature verification processors, and zero-knowledge proof verification algorithms. 2. The system of claim 1, further comprising automated feature selection step #12.","Cryptography, Cybersecurity & Blockchain",H04L 9/32,"Digital signatures, message authentication, cryptographic security protocols"
US11849037B2,Recombinant Plasmid Vector for Targeted CRISPR-Cas9 Gene Editing Assays (Spec #043 - Ref_528),Recombinant genetic vectors comprising synthetic promoter regions and ribosomal binding sites engineered for elevated recombinant protein expression. Section iteration 43 validates scalability across distributed node clusters and low-power hardware.,"1. An engineered DNA vector comprising an expression cassette, a selectable marker gene, and site-specific recombination target sequences. 2. The system of claim 1, further comprising automated feature selection step #43.",Biotechnology & Genomics,C12N 15/09,"Recombinant DNA technology, genetic engineering vectors, nucleic acid mutation"
US11851022B2,3D FinFET Transistor Fabrication Process Featuring Gate-All-Around Architecture (Spec #007 - Ref_182),Semiconductor manufacturing methods featuring advanced plasma etching and extreme ultraviolet lithography techniques for fabricating nanoscale FinFET transistor gates. Section iteration 7 validates scalability across distributed node clusters and low-power hardware.,"1. An integrated circuit fabrication process comprising etching through-silicon vias, depositing barrier metal layers, and electroplating copper interconnects. 2. The system of claim 1, further comprising automated feature selection step #7.",Semiconductors & Integrated Circuits,H01L 21/00,"Semiconductor device fabrication, lithography, integrated circuit processing"
US11848367B2,Zero-Knowledge Proof Tokenization Framework for Secure Identity Verification (Spec #009 - Ref_284),A decentralized blockchain protocol configured to validate digital transaction blocks using multi-signature cryptographic schemes. Section iteration 9 validates scalability across distributed node clusters and low-power hardware.,"1. A secure transaction verification system comprising memory storing private cryptographic keys, token hashing logic, and distributed consensus validation protocols. 2. The system of claim 1, further comprising automated feature selection step #9.","Cryptography, Cybersecurity & Blockchain",H04L 9/32,"Digital signatures, message authentication, cryptographic security protocols"
US11851785B2,Facial Feature Extraction and Biometric Verification Engine for Video Surveillance (Spec #048 - Ref_278),"An image processing system configured to receive multi-camera video streams, apply stereoscopic correspondence algorithms, and construct 3D point cloud representations. Section iteration 48 validates scalability across distributed node clusters and low-power hardware.","1. A 3D vision system comprising stereoscopic cameras, depth map calculation units, and point cloud feature extraction processors. 2. The system of claim 1, further comprising automated feature selection step #48.",Computer Vision & Image Processing,G06T 7/00,"Computer vision, image segmentation, pattern analysis, video stream processing"
US11850636B2,Optofluidic Assay Platform for High-Throughput Single-Cell Fluorescence Monitoring (Spec #002 - Ref_366),"A microfluidic biochip system featuring capillary fluidic channels, reagent storage reservoirs, and integrated photodiode detection arrays. Section iteration 2 validates scalability across distributed node clusters and low-power hardware.","1. An electrochemical assay cartridge comprising working and reference electrodes coated with enzymatic reagent layers and readout electronics. 2. The system of claim 1, further comprising automated feature selection step #2.",Medical Devices & Healthcare Technology,G01N 33/50,"Biological assay testing, biosensors, chemical analysis diagnostic devices"
US11850221B2,Ultra-Low Latency Wireless Packet Transmission Architecture for OFDM Networks (Spec #046 - Ref_553),A wireless transceiver system operating in unlicensed millimeter-wave frequencies utilizing spatial division multiplexing and digital pre-distortion. Section iteration 46 validates scalability across distributed node clusters and low-power hardware.,"1. A cellular transmission system comprising base station controllers, channel state feedback analyzers, and adaptive power control circuits. 2. The system of claim 1, further comprising automated feature selection step #46.",Telecommunications & Wireless Networks,H04W 84/12,"Wireless local area networks, Wi-Fi protocols, 5G/6G cellular transmission"
US11851001B2,3D FinFET Transistor Fabrication Process Featuring Gate-All-Around Architecture (Spec #003 - Ref_473),A process for depositing high-k dielectric layers on silicon substrates using atomic layer deposition chambers with precise precursor gas pulses. Section iteration 3 validates scalability across distributed node clusters and low-power hardware.,"1. A method of manufacturing a semiconductor device comprising forming fin structures on a silicon substrate, depositing gate dielectrics, and etching gate electrodes. 2. The system of claim 1, further comprising automated feature selection step #3.",Semiconductors & Integrated Circuits,H01L 21/00,"Semiconductor device fabrication, lithography, integrated circuit processing"
US11849408B2,Autonomous Vertical Takeoff and Landing (VTOL) Flight Control Computer (Spec #041 - Ref_351),Avionics control architectures for autonomous quadcopter UAV drones featuring real-time altitude telemetry sensor fusion and dynamic trajectory optimization. Section iteration 41 validates scalability across distributed node clusters and low-power hardware.,"1. An autonomous unmanned aerial vehicle comprising a flight control processor, rotor actuators, and sensors configured to compute dynamic aerodynamic trajectories. 2. The system of claim 1, further comprising automated feature selection step #41.",Aerospace & Drone Avionics,B64C 39/02,"Unmanned aerial vehicles, quadcopter drone flight control, rotor craft"
US11850069B2,Dynamic Channel Allocation Protocol for 5G Millimeter Wave Base Stations (Spec #029 - Ref_298),A wireless transceiver system operating in unlicensed millimeter-wave frequencies utilizing spatial division multiplexing and digital pre-distortion. Section iteration 29 validates scalability across distributed node clusters and low-power hardware.,"1. A cellular transmission system comprising base station controllers, channel state feedback analyzers, and adaptive power control circuits. 2. The system of claim 1, further comprising automated feature selection step #29.",Telecommunications & Wireless Networks,H04W 84/12,"Wireless local area networks, Wi-Fi protocols, 5G/6G cellular transmission"
US11847902B2,Statistical Pattern Recognition Architecture for High-Frequency Data Vector Mining (Spec #047 - Ref_755),Methods and systems for training multi-layer neural network classifiers using dynamic feature extraction from multi-modal sensor arrays to optimize pattern recognition performance. Section iteration 47 validates scalability across distributed node clusters and low-power hardware.,"1. A computer-implemented method comprising receiving sensor data streams, generating feature vectors using a convolutional neural network layer, and computing loss functions based on multi-task attention mechanisms. 2. The system of claim 1, further comprising automated feature selection step #47.",Artificial Intelligence & Machine Learning,G06F 18/20,"Pattern recognition, machine learning classifiers, statistical feature extraction"
US11850442B2,Predictive Emergency Braking System for Electric Vehicles Using Radar Sensor Fusion (Spec #022 - Ref_824),"An autonomous vehicle control system integrating front-facing camera feeds, radar ranging data, and wheel speed telemetry to execute collision mitigation maneuvers. Section iteration 22 validates scalability across distributed node clusters and low-power hardware.","1. An autonomous vehicle guidance system comprising a LIDAR sensor, a camera processor, and an electronic control unit configured to actuate steering and braking systems. 2. The system of claim 1, further comprising automated feature selection step #22.",Automotive & Autonomous Vehicles,B60W 30/00,"Autonomous vehicle guidance, driver assistance, automated steering control"
US11849242B2,Autonomous Flight Trajectory Control System for Multi-Rotor Unmanned Aerial Vehicles (Spec #021 - Ref_353),A flight control computer configured to adjust multi-rotor motor speeds based on Kalman-filtered inertial measurement unit data. Section iteration 21 validates scalability across distributed node clusters and low-power hardware.,"1. An aerial drone navigation apparatus comprising obstacle detection sensors, wireless telemetry links, and trajectory planning algorithms. 2. The system of claim 1, further comprising automated feature selection step #21.",Aerospace & Drone Avionics,B64C 39/02,"Unmanned aerial vehicles, quadcopter drone flight control, rotor craft"
US11848411B2,Post-Quantum Public Key Cryptographic Infrastructure for Network Authentication (Spec #013 - Ref_836),Methods for establishing secure mutual authentication between distributed network nodes using zero-knowledge identity assertions and cryptographic key exchange. Section iteration 13 validates scalability across distributed node clusters and low-power hardware.,"1. A cryptographic authentication system comprising key generation modules, signature verification processors, and zero-knowledge proof verification algorithms. 2. The system of claim 1, further comprising automated feature selection step #13.","Cryptography, Cybersecurity & Blockchain",H04L 9/32,"Digital signatures, message authentication, cryptographic security protocols"
US11848190B2,Hardware Inference Accelerator with Quantized Neural Network Processing Units (Spec #036 - Ref_752),Integrated circuit architectures featuring systolic array multiplier units optimized for low-latency deep learning inference on edge computer vision devices. Section iteration 36 validates scalability across distributed node clusters and low-power hardware.,"1. A hardware accelerator chip comprising a matrix multiplication unit, activation function logic, and high-bandwidth memory interfaces configured for neural network inference. 2. The system of claim 1, further comprising automated feature selection step #36.",Artificial Intelligence & Machine Learning,G06N 3/02,"Neural network hardware architectures, artificial neural networks, computing chips"
US11851746B2,Semantic Image Segmentation Architecture for High-Resolution Medical Scans (Spec #043 - Ref_328),"Computer vision methods and systems for segmenting digital video frames, bounding detected objects, and computing feature trajectories using deep neural networks. Section iteration 43 validates scalability across distributed node clusters and low-power hardware.","1. A 3D vision system comprising stereoscopic cameras, depth map calculation units, and point cloud feature extraction processors. 2. The system of claim 1, further comprising automated feature selection step #43.",Computer Vision & Image Processing,G06T 7/00,"Computer vision, image segmentation, pattern analysis, video stream processing"
US11849464B2,Autonomous Flight Trajectory Control System for Multi-Rotor Unmanned Aerial Vehicles (Spec #050 - Ref_566),An autonomous unmanned aircraft system utilizing LIDAR and ultrasonic range sensors to navigate complex urban airspace while avoiding static and dynamic obstacles. Section iteration 50 validates scalability across distributed node clusters and low-power hardware.,"1. An autonomous unmanned aerial vehicle comprising a flight control processor, rotor actuators, and sensors configured to compute dynamic aerodynamic trajectories. 2. The system of claim 1, further comprising automated feature selection step #50.",Aerospace & Drone Avionics,B64C 39/02,"Unmanned aerial vehicles, quadcopter drone flight control, rotor craft"
US11851686B2,Semantic Image Segmentation Architecture for High-Resolution Medical Scans (Spec #036 - Ref_700),"Automated optical inspection systems utilizing high-resolution image sensors, spatial filtering algorithms, and pattern matching models to detect surface defects. Section iteration 36 validates scalability across distributed node clusters and low-power hardware.","1. A computer vision system comprising an image sensor, a GPU frame processor, and software modules configured to segment image frames and classify detected objects. 2. The system of claim 1, further comprising automated feature selection step #36.",Computer Vision & Image Processing,G06T 7/00,"Computer vision, image segmentation, pattern analysis, video stream processing"
US11851980B2,Electronic Health Record NLP Analytics Engine for Automated Clinical Coding (Spec #023 - Ref_769),Methods for analyzing unstructured clinical progress notes using natural language processing to extract diagnostic codes and recommend therapeutic interventions. Section iteration 23 validates scalability across distributed node clusters and low-power hardware.,"1. A patient monitoring system comprising biosensor telemetry inputs, anomaly detection software algorithms, and automated clinical notification modules. 2. The system of claim 1, further comprising automated feature selection step #23.",Software & Distributed Systems,G16H 50/20,"Healthcare data processing, AI medical decision support, clinical analytics"
US11847606B2,Automated Pattern Recognition System Using High-Dimensional Feature Vectors (Spec #011 - Ref_654),Methods and systems for training multi-layer neural network classifiers using dynamic feature extraction from multi-modal sensor arrays to optimize pattern recognition performance. Section iteration 11 validates scalability across distributed node clusters and low-power hardware.,"1. A pattern recognition system comprising a data processor, memory storing a machine learning classifier model, and instructions to evaluate probability distributions over feature spaces. 2. The system of claim 1, further comprising automated feature selection step #11.",Artificial Intelligence & Machine Learning,G06F 18/20,"Pattern recognition, machine learning classifiers, statistical feature extraction"
US11849664B2,Sustained-Release Pharmaceutical Matrix Formulated with Hydrophilic Polymer Excipients (Spec #028 - Ref_587),Novel medicinal formulations comprising organic therapeutic inhibitors combined with pharmaceutically acceptable excipients to achieve controlled therapeutic dosage profiles. Section iteration 28 validates scalability across distributed node clusters and low-power hardware.,"1. A pharmaceutical composition comprising a therapeutic active ingredient encapsulated within solid lipid nanoparticles and a pharmaceutically acceptable carrier. 2. The system of claim 1, further comprising automated feature selection step #28.",Pharmaceuticals & Medicinal Chemistry,A61K 31/00,"Pharmaceutical preparations, medicinal compounds, controlled release formulations"
US11847721B2,System and Method for Deep Learning Feature Classification in Multi-Modal Sensor Networks (Spec #023 - Ref_824),"A computer-implemented system configured to receive input feature vectors, apply dimensionality reduction, and evaluate statistical classifier loss metrics. Section iteration 23 validates scalability across distributed node clusters and low-power hardware.","1. A pattern recognition system comprising a data processor, memory storing a machine learning classifier model, and instructions to evaluate probability distributions over feature spaces. 2. The system of claim 1, further comprising automated feature selection step #23.",Artificial Intelligence & Machine Learning,G06F 18/20,"Pattern recognition, machine learning classifiers, statistical feature extraction"
US11849458B2,Avionics Telemetry Sensor Fusion Unit for UAV Altitude and Position Stabilization (Spec #048 - Ref_863),A flight control computer configured to adjust multi-rotor motor speeds based on Kalman-filtered inertial measurement unit data. Section iteration 48 validates scalability across distributed node clusters and low-power hardware.,"1. An aerial drone navigation apparatus comprising obstacle detection sensors, wireless telemetry links, and trajectory planning algorithms. 2. The system of claim 1, further comprising automated feature selection step #48.",Aerospace & Drone Avionics,B64C 39/02,"Unmanned aerial vehicles, quadcopter drone flight control, rotor craft"
US11851355B2,Extreme Ultraviolet Lithography Method for Sub-3nm Semiconductor Gate Patterning (Spec #045 - Ref_491),A process for depositing high-k dielectric layers on silicon substrates using atomic layer deposition chambers with precise precursor gas pulses. Section iteration 45 validates scalability across distributed node clusters and low-power hardware.,"1. An integrated circuit fabrication process comprising etching through-silicon vias, depositing barrier metal layers, and electroplating copper interconnects. 2. The system of claim 1, further comprising automated feature selection step #45.",Semiconductors & Integrated Circuits,H01L 21/00,"Semiconductor device fabrication, lithography, integrated circuit processing"
US11847679B2,Multi-Layer Neural Network Classifier for Real-Time Sensor Data Streams (Spec #018 - Ref_842),"A computer-implemented system configured to receive input feature vectors, apply dimensionality reduction, and evaluate statistical classifier loss metrics. Section iteration 18 validates scalability across distributed node clusters and low-power hardware.","1. An automated classification apparatus comprising input interfaces configured to capture raw telemetry, feature selection modules, and a statistical classifier generating class predictions. 2. The system of claim 1, further comprising automated feature selection step #18.",Artificial Intelligence & Machine Learning,G06F 18/20,"Pattern recognition, machine learning classifiers, statistical feature extraction"
US11851697B2,Facial Feature Extraction and Biometric Verification Engine for Video Surveillance (Spec #037 - Ref_384),"An image processing system configured to receive multi-camera video streams, apply stereoscopic correspondence algorithms, and construct 3D point cloud representations. Section iteration 37 validates scalability across distributed node clusters and low-power hardware.","1. An image processing method comprising receiving digital video frames, computing optical flow vectors, and generating object bounding box coordinates. 2. The system of claim 1, further comprising automated feature selection step #37.",Computer Vision & Image Processing,G06T 7/00,"Computer vision, image segmentation, pattern analysis, video stream processing"
US11850918B2,Surface Plasmon Resonance Biosensor Device for Real-Time Protein Binding Kinetics (Spec #040 - Ref_273),"A microfluidic biochip system featuring capillary fluidic channels, reagent storage reservoirs, and integrated photodiode detection arrays. Section iteration 40 validates scalability across distributed node clusters and low-power hardware.","1. An electrochemical assay cartridge comprising working and reference electrodes coated with enzymatic reagent layers and readout electronics. 2. The system of claim 1, further comprising automated feature selection step #40.",Medical Devices & Healthcare Technology,G01N 33/50,"Biological assay testing, biosensors, chemical analysis diagnostic devices"
US11847529B2,System and Method for Deep Learning Feature Classification in Multi-Modal Sensor Networks (Spec #002 - Ref_466),"A computer-implemented system configured to receive input feature vectors, apply dimensionality reduction, and evaluate statistical classifier loss metrics. Section iteration 2 validates scalability across distributed node clusters and low-power hardware.","1. A computer-implemented method comprising receiving sensor data streams, generating feature vectors using a convolutional neural network layer, and computing loss functions based on multi-task attention mechanisms. 2. The system of claim 1, further comprising automated feature selection step #2.",Artificial Intelligence & Machine Learning,G06F 18/20,"Pattern recognition, machine learning classifiers, statistical feature extraction"
US11850546B2,Autonomous Vehicle Lane Keeping Assistance and Automated Steering Controller (Spec #038 - Ref_775),A computerized vehicle guidance system utilizing high-definition maps and real-time sensor streams to navigate complex intersections autonomously. Section iteration 38 validates scalability across distributed node clusters and low-power hardware.,"1. An autonomous vehicle guidance system comprising a LIDAR sensor, a camera processor, and an electronic control unit configured to actuate steering and braking systems. 2. The system of claim 1, further comprising automated feature selection step #38.",Automotive & Autonomous Vehicles,B60W 30/00,"Autonomous vehicle guidance, driver assistance, automated steering control"
US11850738B2,Surface Plasmon Resonance Biosensor Device for Real-Time Protein Binding Kinetics (Spec #016 - Ref_326),Diagnostic biosensor platforms comprising microfluidic reaction channels and immobilised antibodies configured for quantitative optical fluorescence immunoassay analysis. Section iteration 16 validates scalability across distributed node clusters and low-power hardware.,"1. A diagnostic biosensor device comprising a sample inlet, microfluidic reaction channels containing immobilised capture probes, and an optical photodetector. 2. The system of claim 1, further comprising automated feature selection step #16.",Medical Devices & Healthcare Technology,G01N 33/50,"Biological assay testing, biosensors, chemical analysis diagnostic devices"
US11850482B2,Automated Powertrain Torque Distribution Controller for Electric Drive Vehicles (Spec #028 - Ref_596),A computerized vehicle guidance system utilizing high-definition maps and real-time sensor streams to navigate complex intersections autonomously. Section iteration 28 validates scalability across distributed node clusters and low-power hardware.,"1. An autonomous vehicle guidance system comprising a LIDAR sensor, a camera processor, and an electronic control unit configured to actuate steering and braking systems. 2. The system of claim 1, further comprising automated feature selection step #28.",Automotive & Autonomous Vehicles,B60W 30/00,"Autonomous vehicle guidance, driver assistance, automated steering control"
US11849915B2,Radio Frequency Carrier Aggregation Controller for Cellular Data Streams (Spec #008 - Ref_233),Methods and apparatus for dynamic radio spectrum management across 5G cellular base stations to minimize co-channel interference and packet loss. Section iteration 8 validates scalability across distributed node clusters and low-power hardware.,"1. A wireless communication device comprising a multi-antenna array, a radio frequency transceiver, and a baseband processor configured to generate beamforming spatial weights. 2. The system of claim 1, further comprising automated feature selection step #8.",Telecommunications & Wireless Networks,H04W 84/12,"Wireless local area networks, Wi-Fi protocols, 5G/6G cellular transmission"
US11850341B2,Vehicle Trajectory Planning Computer Based on Real-Time LIDAR Point Cloud Processing (Spec #010 - Ref_431),A computerized vehicle guidance system utilizing high-definition maps and real-time sensor streams to navigate complex intersections autonomously. Section iteration 10 validates scalability across distributed node clusters and low-power hardware.,"1. A vehicle safety apparatus comprising radar ranging sensors, brake actuators, and dynamic collision risk prediction software. 2. The system of claim 1, further comprising automated feature selection step #10.",Automotive & Autonomous Vehicles,B60W 30/00,"Autonomous vehicle guidance, driver assistance, automated steering control"
US11850899B2,Electrochemical Biosensor Cartridge for Quantitative Blood Glucose and Biomarker Measurement (Spec #038 - Ref_424),A portable medical diagnostic device comprising electrochemical sensor strips and micro-controller circuitry calibrated for rapid analyte concentration measurement. Section iteration 38 validates scalability across distributed node clusters and low-power hardware.,"1. A point-of-care medical diagnostic instrument comprising fluidic actuators, temperature control elements, and fluorescence detection optics. 2. The system of claim 1, further comprising automated feature selection step #38.",Medical Devices & Healthcare Technology,G01N 33/50,"Biological assay testing, biosensors, chemical analysis diagnostic devices"
US11850797B2,Electrochemical Biosensor Cartridge for Quantitative Blood Glucose and Biomarker Measurement (Spec #021 - Ref_470),A portable medical diagnostic device comprising electrochemical sensor strips and micro-controller circuitry calibrated for rapid analyte concentration measurement. Section iteration 21 validates scalability across distributed node clusters and low-power hardware.,"1. A diagnostic biosensor device comprising a sample inlet, microfluidic reaction channels containing immobilised capture probes, and an optical photodetector. 2. The system of claim 1, further comprising automated feature selection step #21.",Medical Devices & Healthcare Technology,G01N 33/50,"Biological assay testing, biosensors, chemical analysis diagnostic devices"
US11851382B2,3D FinFET Transistor Fabrication Process Featuring Gate-All-Around Architecture (Spec #050 - Ref_550),"Integrated circuit manufacturing tools comprising wafer positioning stages, chemical slurry dispensers, and optical endpoint detection sensors for planarization. Section iteration 50 validates scalability across distributed node clusters and low-power hardware.","1. A semiconductor processing chamber comprising gas distribution showerheads, plasma generation electrodes, and vacuum exhaust systems. 2. The system of claim 1, further comprising automated feature selection step #50.",Semiconductors & Integrated Circuits,H01L 21/00,"Semiconductor device fabrication, lithography, integrated circuit processing"
US11847767B2,Automated Pattern Recognition System Using High-Dimensional Feature Vectors (Spec #029 - Ref_224),"A computer-implemented system configured to receive input feature vectors, apply dimensionality reduction, and evaluate statistical classifier loss metrics. Section iteration 29 validates scalability across distributed node clusters and low-power hardware.","1. An automated classification apparatus comprising input interfaces configured to capture raw telemetry, feature selection modules, and a statistical classifier generating class predictions. 2. The system of claim 1, further comprising automated feature selection step #29.",Artificial Intelligence & Machine Learning,G06F 18/20,"Pattern recognition, machine learning classifiers, statistical feature extraction"
US11852156B2,Cloud-Based Healthcare Analytics System for Personalized Treatment Recommendation (Spec #046 - Ref_775),"Computer-implemented clinical decision support platforms configured to aggregate electronic health records, extract clinical parameters using NLP, and predict adverse events. Section iteration 46 validates scalability across distributed node clusters and low-power hardware.","1. A medical decision support apparatus comprising memory storing patient health records, clinical guideline rule engines, and machine learning risk scoring processors. 2. The system of claim 1, further comprising automated feature selection step #46.",Software & Distributed Systems,G16H 50/20,"Healthcare data processing, AI medical decision support, clinical analytics"
US11849485B2,Controlled Release Pharmaceutical Oral Dosage Form Comprising Solid Lipid Nanoparticles (Spec #003 - Ref_590),"Therapeutic pharmaceutical formulations comprising lipid nanoparticle carriers for enhanced bioavailability, controlled gastric dissolution, and targeted active ingredient release. Section iteration 3 validates scalability across distributed node clusters and low-power hardware.","1. A pharmaceutical composition comprising a therapeutic active ingredient encapsulated within solid lipid nanoparticles and a pharmaceutically acceptable carrier. 2. The system of claim 1, further comprising automated feature selection step #3.",Pharmaceuticals & Medicinal Chemistry,A61K 31/00,"Pharmaceutical preparations, medicinal compounds, controlled release formulations"
US11852049B2,Electronic Health Record NLP Analytics Engine for Automated Clinical Coding (Spec #035 - Ref_253),Methods for analyzing unstructured clinical progress notes using natural language processing to extract diagnostic codes and recommend therapeutic interventions. Section iteration 35 validates scalability across distributed node clusters and low-power hardware.,"1. A healthcare data processing system comprising a clinical database interface, a natural language processing module, and predictive risk calculation models. 2. The system of claim 1, further comprising automated feature selection step #35.",Software & Distributed Systems,G16H 50/20,"Healthcare data processing, AI medical decision support, clinical analytics"
US11850191B2,Adaptive Modulation and Coding Scheme for High-Density Wi-Fi Access Points (Spec #042 - Ref_728),Methods and apparatus for dynamic radio spectrum management across 5G cellular base stations to minimize co-channel interference and packet loss. Section iteration 42 validates scalability across distributed node clusters and low-power hardware.,"1. A wireless communication device comprising a multi-antenna array, a radio frequency transceiver, and a baseband processor configured to generate beamforming spatial weights. 2. The system of claim 1, further comprising automated feature selection step #42.",Telecommunications & Wireless Networks,H04W 84/12,"Wireless local area networks, Wi-Fi protocols, 5G/6G cellular transmission"
US11849654B2,Liposomal Pharmaceutical Suspension for Enhanced Bioavailability and Transdermal Delivery (Spec #026 - Ref_481),A pharmaceutical composition comprising active therapeutic compounds encapsulated within micro-polymeric matrices designed for extended systemic absorption. Section iteration 26 validates scalability across distributed node clusters and low-power hardware.,"1. A pharmaceutical composition comprising a therapeutic active ingredient encapsulated within solid lipid nanoparticles and a pharmaceutically acceptable carrier. 2. The system of claim 1, further comprising automated feature selection step #26.",Pharmaceuticals & Medicinal Chemistry,A61K 31/00,"Pharmaceutical preparations, medicinal compounds, controlled release formulations"
US11849774B2,Controlled Release Pharmaceutical Oral Dosage Form Comprising Solid Lipid Nanoparticles (Spec #043 - Ref_142),Novel medicinal formulations comprising organic therapeutic inhibitors combined with pharmaceutically acceptable excipients to achieve controlled therapeutic dosage profiles. Section iteration 43 validates scalability across distributed node clusters and low-power hardware.,"1. An oral drug delivery system comprising an active medicinal compound, a bioadhesive polymer coat, and a pH-dependent enteric release layer. 2. The system of claim 1, further comprising automated feature selection step #43.",Pharmaceuticals & Medicinal Chemistry,A61K 31/00,"Pharmaceutical preparations, medicinal compounds, controlled release formulations"
US11851920B2,Distributed Health Data Processing System for Real-Time Vital Sign Anomaly Detection (Spec #017 - Ref_387),"Computer-implemented clinical decision support platforms configured to aggregate electronic health records, extract clinical parameters using NLP, and predict adverse events. Section iteration 17 validates scalability across distributed node clusters and low-power hardware.","1. A healthcare data processing system comprising a clinical database interface, a natural language processing module, and predictive risk calculation models. 2. The system of claim 1, further comprising automated feature selection step #17.",Software & Distributed Systems,G16H 50/20,"Healthcare data processing, AI medical decision support, clinical analytics"
US11849473B2,Nanoparticulate Drug Delivery Carrier for Targeted Active Ingredient Release (Spec #002 - Ref_412),A pharmaceutical composition comprising active therapeutic compounds encapsulated within micro-polymeric matrices designed for extended systemic absorption. Section iteration 2 validates scalability across distributed node clusters and low-power hardware.,"1. A pharmaceutical composition comprising a therapeutic active ingredient encapsulated within solid lipid nanoparticles and a pharmaceutically acceptable carrier. 2. The system of claim 1, further comprising automated feature selection step #2.",Pharmaceuticals & Medicinal Chemistry,A61K 31/00,"Pharmaceutical preparations, medicinal compounds, controlled release formulations"
US11849201B2,Avionics Telemetry Sensor Fusion Unit for UAV Altitude and Position Stabilization (Spec #016 - Ref_254),An autonomous unmanned aircraft system utilizing LIDAR and ultrasonic range sensors to navigate complex urban airspace while avoiding static and dynamic obstacles. Section iteration 16 validates scalability across distributed node clusters and low-power hardware.,"1. An aerial drone navigation apparatus comprising obstacle detection sensors, wireless telemetry links, and trajectory planning algorithms. 2. The system of claim 1, further comprising automated feature selection step #16.",Aerospace & Drone Avionics,B64C 39/02,"Unmanned aerial vehicles, quadcopter drone flight control, rotor craft"
US11848614B2,Post-Quantum Public Key Cryptographic Infrastructure for Network Authentication (Spec #041 - Ref_570),A cryptographic security framework utilizing zero-knowledge proof primitives and elliptic curve digital signatures for decentralized token verification across public ledgers. Section iteration 41 validates scalability across distributed node clusters and low-power hardware.,"1. A secure transaction verification system comprising memory storing private cryptographic keys, token hashing logic, and distributed consensus validation protocols. 2. The system of claim 1, further comprising automated feature selection step #41.","Cryptography, Cybersecurity & Blockchain",H04L 9/32,"Digital signatures, message authentication, cryptographic security protocols"
US11851829B2,Distributed Health Data Processing System for Real-Time Vital Sign Anomaly Detection (Spec #005 - Ref_384),Methods for analyzing unstructured clinical progress notes using natural language processing to extract diagnostic codes and recommend therapeutic interventions. Section iteration 5 validates scalability across distributed node clusters and low-power hardware.,"1. A healthcare data processing system comprising a clinical database interface, a natural language processing module, and predictive risk calculation models. 2. The system of claim 1, further comprising automated feature selection step #5.",Software & Distributed Systems,G16H 50/20,"Healthcare data processing, AI medical decision support, clinical analytics"
US11851231B2,Chemical Mechanical Planarization Tool with Real-Time Wafer Polishing Monitoring (Spec #030 - Ref_832),Semiconductor manufacturing methods featuring advanced plasma etching and extreme ultraviolet lithography techniques for fabricating nanoscale FinFET transistor gates. Section iteration 30 validates scalability across distributed node clusters and low-power hardware.,"1. An integrated circuit fabrication process comprising etching through-silicon vias, depositing barrier metal layers, and electroplating copper interconnects. 2. The system of claim 1, further comprising automated feature selection step #30.",Semiconductors & Integrated Circuits,H01L 21/00,"Semiconductor device fabrication, lithography, integrated circuit processing"
US11849404B2,Collision Avoidance Architecture for Swarm Unmanned Aerial Vehicle Navigation (Spec #040 - Ref_985),Avionics control architectures for autonomous quadcopter UAV drones featuring real-time altitude telemetry sensor fusion and dynamic trajectory optimization. Section iteration 40 validates scalability across distributed node clusters and low-power hardware.,"1. A UAV flight stabilization system comprising an inertial measurement unit, GPS positioning receivers, and electronic motor speed controllers. 2. The system of claim 1, further comprising automated feature selection step #40.",Aerospace & Drone Avionics,B64C 39/02,"Unmanned aerial vehicles, quadcopter drone flight control, rotor craft"
US11849390B2,Collision Avoidance Architecture for Swarm Unmanned Aerial Vehicle Navigation (Spec #039 - Ref_373),A flight control computer configured to adjust multi-rotor motor speeds based on Kalman-filtered inertial measurement unit data. Section iteration 39 validates scalability across distributed node clusters and low-power hardware.,"1. A UAV flight stabilization system comprising an inertial measurement unit, GPS positioning receivers, and electronic motor speed controllers. 2. The system of claim 1, further comprising automated feature selection step #39.",Aerospace & Drone Avionics,B64C 39/02,"Unmanned aerial vehicles, quadcopter drone flight control, rotor craft"
US11848605B2,Decentralized Blockchain Verification Protocol with Zero-Knowledge Proof Signatures (Spec #040 - Ref_837),A cryptographic security framework utilizing zero-knowledge proof primitives and elliptic curve digital signatures for decentralized token verification across public ledgers. Section iteration 40 validates scalability across distributed node clusters and low-power hardware.,"1. A cryptographic authentication system comprising key generation modules, signature verification processors, and zero-knowledge proof verification algorithms. 2. The system of claim 1, further comprising automated feature selection step #40.","Cryptography, Cybersecurity & Blockchain",H04L 9/32,"Digital signatures, message authentication, cryptographic security protocols"
US11851771B2,Real-Time Video Object Detection and Tracking System Using Deep Convolutional Networks (Spec #046 - Ref_474),"Computer vision methods and systems for segmenting digital video frames, bounding detected objects, and computing feature trajectories using deep neural networks. Section iteration 46 validates scalability across distributed node clusters and low-power hardware.","1. A computer vision system comprising an image sensor, a GPU frame processor, and software modules configured to segment image frames and classify detected objects. 2. The system of claim 1, further comprising automated feature selection step #46.",Computer Vision & Image Processing,G06T 7/00,"Computer vision, image segmentation, pattern analysis, video stream processing"
US11847731B2,System and Method for Deep Learning Feature Classification in Multi-Modal Sensor Networks (Spec #025 - Ref_655),"A computer-implemented system configured to receive input feature vectors, apply dimensionality reduction, and evaluate statistical classifier loss metrics. Section iteration 25 validates scalability across distributed node clusters and low-power hardware.","1. A computer-implemented method comprising receiving sensor data streams, generating feature vectors using a convolutional neural network layer, and computing loss functions based on multi-task attention mechanisms. 2. The system of claim 1, further comprising automated feature selection step #25.",Artificial Intelligence & Machine Learning,G06F 18/20,"Pattern recognition, machine learning classifiers, statistical feature extraction"
US11851136B2,Plasma Atomic Layer Deposition Process for Ultra-Thin Dielectric Film Layers (Spec #021 - Ref_898),"Integrated circuit manufacturing tools comprising wafer positioning stages, chemical slurry dispensers, and optical endpoint detection sensors for planarization. Section iteration 21 validates scalability across distributed node clusters and low-power hardware.","1. An integrated circuit fabrication process comprising etching through-silicon vias, depositing barrier metal layers, and electroplating copper interconnects. 2. The system of claim 1, further comprising automated feature selection step #21.",Semiconductors & Integrated Circuits,H01L 21/00,"Semiconductor device fabrication, lithography, integrated circuit processing"
US11851224B2,Extreme Ultraviolet Lithography Method for Sub-3nm Semiconductor Gate Patterning (Spec #029 - Ref_396),A process for depositing high-k dielectric layers on silicon substrates using atomic layer deposition chambers with precise precursor gas pulses. Section iteration 29 validates scalability across distributed node clusters and low-power hardware.,"1. An integrated circuit fabrication process comprising etching through-silicon vias, depositing barrier metal layers, and electroplating copper interconnects. 2. The system of claim 1, further comprising automated feature selection step #29.",Semiconductors & Integrated Circuits,H01L 21/00,"Semiconductor device fabrication, lithography, integrated circuit processing"
US11850028B2,Multi-User MIMO Beamforming Controller for High-Throughput Wireless Local Area Networks (Spec #024 - Ref_494),A wireless transceiver system operating in unlicensed millimeter-wave frequencies utilizing spatial division multiplexing and digital pre-distortion. Section iteration 24 validates scalability across distributed node clusters and low-power hardware.,"1. A wireless communication device comprising a multi-antenna array, a radio frequency transceiver, and a baseband processor configured to generate beamforming spatial weights. 2. The system of claim 1, further comprising automated feature selection step #24.",Telecommunications & Wireless Networks,H04W 84/12,"Wireless local area networks, Wi-Fi protocols, 5G/6G cellular transmission"
US11848525B2,Distributed Ledger Transaction Validation Protocol Using Digital Signature Aggregation (Spec #030 - Ref_192),A cryptographic security framework utilizing zero-knowledge proof primitives and elliptic curve digital signatures for decentralized token verification across public ledgers. Section iteration 30 validates scalability across distributed node clusters and low-power hardware.,"1. A computer-implemented method comprising generating zero-knowledge proof tokens, verifying public key hashes, and validating transaction blocks across a peer-to-peer network. 2. The system of claim 1, further comprising automated feature selection step #30.","Cryptography, Cybersecurity & Blockchain",H04L 9/32,"Digital signatures, message authentication, cryptographic security protocols"
US11850716B2,Microfluidic Biochip Diagnostic Sensor for Rapid Immunoassay Target Detection (Spec #013 - Ref_264),A portable medical diagnostic device comprising electrochemical sensor strips and micro-controller circuitry calibrated for rapid analyte concentration measurement. Section iteration 13 validates scalability across distributed node clusters and low-power hardware.,"1. An electrochemical assay cartridge comprising working and reference electrodes coated with enzymatic reagent layers and readout electronics. 2. The system of claim 1, further comprising automated feature selection step #13.",Medical Devices & Healthcare Technology,G01N 33/50,"Biological assay testing, biosensors, chemical analysis diagnostic devices"
US11848128B2,Convolutional Neural Network Hardware Accelerator for Real-Time Edge Image Processing (Spec #026 - Ref_611),A neuromorphic integrated circuit utilizing non-volatile memory cells as synaptic weights for high-throughput spiking neural network computation. Section iteration 26 validates scalability across distributed node clusters and low-power hardware.,"1. An integrated circuit comprising an array of digital signal processors, on-chip SRAM weight buffers, and control logic executing neural network layers. 2. The system of claim 1, further comprising automated feature selection step #26.",Artificial Intelligence & Machine Learning,G06N 3/02,"Neural network hardware architectures, artificial neural networks, computing chips"
US11850522B2,Automated Powertrain Torque Distribution Controller for Electric Drive Vehicles (Spec #034 - Ref_429),"An autonomous vehicle control system integrating front-facing camera feeds, radar ranging data, and wheel speed telemetry to execute collision mitigation maneuvers. Section iteration 34 validates scalability across distributed node clusters and low-power hardware.","1. A vehicle safety apparatus comprising radar ranging sensors, brake actuators, and dynamic collision risk prediction software. 2. The system of claim 1, further comprising automated feature selection step #34.",Automotive & Autonomous Vehicles,B60W 30/00,"Autonomous vehicle guidance, driver assistance, automated steering control"
US11851067B2,High-Density Through-Silicon Via (TSV) Interconnect Fabrication Protocol (Spec #011 - Ref_855),"Integrated circuit manufacturing tools comprising wafer positioning stages, chemical slurry dispensers, and optical endpoint detection sensors for planarization. Section iteration 11 validates scalability across distributed node clusters and low-power hardware.","1. An integrated circuit fabrication process comprising etching through-silicon vias, depositing barrier metal layers, and electroplating copper interconnects. 2. The system of claim 1, further comprising automated feature selection step #11.",Semiconductors & Integrated Circuits,H01L 21/00,"Semiconductor device fabrication, lithography, integrated circuit processing"
US11850999B2,Plasma Atomic Layer Deposition Process for Ultra-Thin Dielectric Film Layers (Spec #002 - Ref_271),A process for depositing high-k dielectric layers on silicon substrates using atomic layer deposition chambers with precise precursor gas pulses. Section iteration 2 validates scalability across distributed node clusters and low-power hardware.,"1. A method of manufacturing a semiconductor device comprising forming fin structures on a silicon substrate, depositing gate dielectrics, and etching gate electrodes. 2. The system of claim 1, further comprising automated feature selection step #2.",Semiconductors & Integrated Circuits,H01L 21/00,"Semiconductor device fabrication, lithography, integrated circuit processing"
US11851666B2,Real-Time Video Object Detection and Tracking System Using Deep Convolutional Networks (Spec #034 - Ref_709),"Automated optical inspection systems utilizing high-resolution image sensors, spatial filtering algorithms, and pattern matching models to detect surface defects. Section iteration 34 validates scalability across distributed node clusters and low-power hardware.","1. A computer vision system comprising an image sensor, a GPU frame processor, and software modules configured to segment image frames and classify detected objects. 2. The system of claim 1, further comprising automated feature selection step #34.",Computer Vision & Image Processing,G06T 7/00,"Computer vision, image segmentation, pattern analysis, video stream processing"
US11849345B2,Avionics Telemetry Sensor Fusion Unit for UAV Altitude and Position Stabilization (Spec #032 - Ref_888),A flight control computer configured to adjust multi-rotor motor speeds based on Kalman-filtered inertial measurement unit data. Section iteration 32 validates scalability across distributed node clusters and low-power hardware.,"1. An autonomous unmanned aerial vehicle comprising a flight control processor, rotor actuators, and sensors configured to compute dynamic aerodynamic trajectories. 2. The system of claim 1, further comprising automated feature selection step #32.",Aerospace & Drone Avionics,B64C 39/02,"Unmanned aerial vehicles, quadcopter drone flight control, rotor craft"
US11850956B2,Surface Plasmon Resonance Biosensor Device for Real-Time Protein Binding Kinetics (Spec #044 - Ref_383),A portable medical diagnostic device comprising electrochemical sensor strips and micro-controller circuitry calibrated for rapid analyte concentration measurement. Section iteration 44 validates scalability across distributed node clusters and low-power hardware.,"1. A diagnostic biosensor device comprising a sample inlet, microfluidic reaction channels containing immobilised capture probes, and an optical photodetector. 2. The system of claim 1, further comprising automated feature selection step #44.",Medical Devices & Healthcare Technology,G01N 33/50,"Biological assay testing, biosensors, chemical analysis diagnostic devices"
US11849277B2,Autonomous Vertical Takeoff and Landing (VTOL) Flight Control Computer (Spec #025 - Ref_585),An autonomous unmanned aircraft system utilizing LIDAR and ultrasonic range sensors to navigate complex urban airspace while avoiding static and dynamic obstacles. Section iteration 25 validates scalability across distributed node clusters and low-power hardware.,"1. A UAV flight stabilization system comprising an inertial measurement unit, GPS positioning receivers, and electronic motor speed controllers. 2. The system of claim 1, further comprising automated feature selection step #25.",Aerospace & Drone Avionics,B64C 39/02,"Unmanned aerial vehicles, quadcopter drone flight control, rotor craft"
US11848155B2,Convolutional Neural Network Hardware Accelerator for Real-Time Edge Image Processing (Spec #030 - Ref_514),A hardware accelerator chip comprising an array of processing elements configured to execute parallel matrix-vector multiplications for artificial neural networks. Section iteration 30 validates scalability across distributed node clusters and low-power hardware.,"1. A neuromorphic computing system comprising artificial neuron circuits, synaptic crossbar arrays, and spike-timing-dependent plasticity control modules. 2. The system of claim 1, further comprising automated feature selection step #30.",Artificial Intelligence & Machine Learning,G06N 3/02,"Neural network hardware architectures, artificial neural networks, computing chips"
US11850426B2,Vehicle Trajectory Planning Computer Based on Real-Time LIDAR Point Cloud Processing (Spec #019 - Ref_446),A computerized vehicle guidance system utilizing high-definition maps and real-time sensor streams to navigate complex intersections autonomously. Section iteration 19 validates scalability across distributed node clusters and low-power hardware.,"1. A vehicle safety apparatus comprising radar ranging sensors, brake actuators, and dynamic collision risk prediction software. 2. The system of claim 1, further comprising automated feature selection step #19.",Automotive & Autonomous Vehicles,B60W 30/00,"Autonomous vehicle guidance, driver assistance, automated steering control"
US11847775B2,Supervised Machine Learning Classifier with Dynamic Loss Function Optimization (Spec #030 - Ref_497),Methods and systems for training multi-layer neural network classifiers using dynamic feature extraction from multi-modal sensor arrays to optimize pattern recognition performance. Section iteration 30 validates scalability across distributed node clusters and low-power hardware.,"1. An automated classification apparatus comprising input interfaces configured to capture raw telemetry, feature selection modules, and a statistical classifier generating class predictions. 2. The system of claim 1, further comprising automated feature selection step #30.",Artificial Intelligence & Machine Learning,G06F 18/20,"Pattern recognition, machine learning classifiers, statistical feature extraction"
US11848965B2,Recombinant Plasmid Vector for Targeted CRISPR-Cas9 Gene Editing Assays (Spec #035 - Ref_595),Recombinant genetic vectors comprising synthetic promoter regions and ribosomal binding sites engineered for elevated recombinant protein expression. Section iteration 35 validates scalability across distributed node clusters and low-power hardware.,"1. A recombinant nucleic acid molecule comprising a promoter sequence, a guide RNA targeting domain, and a Cas9 endonuclease coding sequence configured for genome editing. 2. The system of claim 1, further comprising automated feature selection step #35.",Biotechnology & Genomics,C12N 15/09,"Recombinant DNA technology, genetic engineering vectors, nucleic acid mutation"
US11849523B2,Nanoparticulate Drug Delivery Carrier for Targeted Active Ingredient Release (Spec #008 - Ref_935),A pharmaceutical composition comprising active therapeutic compounds encapsulated within micro-polymeric matrices designed for extended systemic absorption. Section iteration 8 validates scalability across distributed node clusters and low-power hardware.,"1. An oral drug delivery system comprising an active medicinal compound, a bioadhesive polymer coat, and a pH-dependent enteric release layer. 2. The system of claim 1, further comprising automated feature selection step #8.",Pharmaceuticals & Medicinal Chemistry,A61K 31/00,"Pharmaceutical preparations, medicinal compounds, controlled release formulations"
US11850410B2,Adaptive Cruise Control Architecture for Autonomous Automobile Platooning (Spec #016 - Ref_464),"An autonomous vehicle control system integrating front-facing camera feeds, radar ranging data, and wheel speed telemetry to execute collision mitigation maneuvers. Section iteration 16 validates scalability across distributed node clusters and low-power hardware.","1. A vehicle safety apparatus comprising radar ranging sensors, brake actuators, and dynamic collision risk prediction software. 2. The system of claim 1, further comprising automated feature selection step #16.",Automotive & Autonomous Vehicles,B60W 30/00,"Autonomous vehicle guidance, driver assistance, automated steering control"
US11850150B2,Multi-User MIMO Beamforming Controller for High-Throughput Wireless Local Area Networks (Spec #037 - Ref_799),A wireless transceiver system operating in unlicensed millimeter-wave frequencies utilizing spatial division multiplexing and digital pre-distortion. Section iteration 37 validates scalability across distributed node clusters and low-power hardware.,"1. A cellular transmission system comprising base station controllers, channel state feedback analyzers, and adaptive power control circuits. 2. The system of claim 1, further comprising automated feature selection step #37.",Telecommunications & Wireless Networks,H04W 84/12,"Wireless local area networks, Wi-Fi protocols, 5G/6G cellular transmission"
US11848460B2,Decentralized Blockchain Verification Protocol with Zero-Knowledge Proof Signatures (Spec #021 - Ref_450),Methods for establishing secure mutual authentication between distributed network nodes using zero-knowledge identity assertions and cryptographic key exchange. Section iteration 21 validates scalability across distributed node clusters and low-power hardware.,"1. A secure transaction verification system comprising memory storing private cryptographic keys, token hashing logic, and distributed consensus validation protocols. 2. The system of claim 1, further comprising automated feature selection step #21.","Cryptography, Cybersecurity & Blockchain",H04L 9/32,"Digital signatures, message authentication, cryptographic security protocols"
US11851494B2,Semantic Image Segmentation Architecture for High-Resolution Medical Scans (Spec #013 - Ref_409),"Automated optical inspection systems utilizing high-resolution image sensors, spatial filtering algorithms, and pattern matching models to detect surface defects. Section iteration 13 validates scalability across distributed node clusters and low-power hardware.","1. An image processing method comprising receiving digital video frames, computing optical flow vectors, and generating object bounding box coordinates. 2. The system of claim 1, further comprising automated feature selection step #13.",Computer Vision & Image Processing,G06T 7/00,"Computer vision, image segmentation, pattern analysis, video stream processing"
US11848184B2,Hardware Inference Accelerator with Quantized Neural Network Processing Units (Spec #034 - Ref_757),A hardware accelerator chip comprising an array of processing elements configured to execute parallel matrix-vector multiplications for artificial neural networks. Section iteration 34 validates scalability across distributed node clusters and low-power hardware.,"1. A hardware accelerator chip comprising a matrix multiplication unit, activation function logic, and high-bandwidth memory interfaces configured for neural network inference. 2. The system of claim 1, further comprising automated feature selection step #34.",Artificial Intelligence & Machine Learning,G06N 3/02,"Neural network hardware architectures, artificial neural networks, computing chips"
US11848917B2,Recombinant Plasmid Vector for Targeted CRISPR-Cas9 Gene Editing Assays (Spec #028 - Ref_630),Recombinant genetic vectors comprising synthetic promoter regions and ribosomal binding sites engineered for elevated recombinant protein expression. Section iteration 28 validates scalability across distributed node clusters and low-power hardware.,"1. A synthetic genetic construct comprising a therapeutic nucleotide sequence linked to an inducible promoter and viral packaging signals. 2. The system of claim 1, further comprising automated feature selection step #28.",Biotechnology & Genomics,C12N 15/09,"Recombinant DNA technology, genetic engineering vectors, nucleic acid mutation"
US11848297B2,Spiking Neural Network Processor with On-Chip Synaptic Weight Memory (Spec #050 - Ref_692),A hardware accelerator chip comprising an array of processing elements configured to execute parallel matrix-vector multiplications for artificial neural networks. Section iteration 50 validates scalability across distributed node clusters and low-power hardware.,"1. An integrated circuit comprising an array of digital signal processors, on-chip SRAM weight buffers, and control logic executing neural network layers. 2. The system of claim 1, further comprising automated feature selection step #50.",Artificial Intelligence & Machine Learning,G06N 3/02,"Neural network hardware architectures, artificial neural networks, computing chips"
US11848937B2,Recombinant DNA Molecule Designed for Gene Knockout and Transcriptional Regulation (Spec #033 - Ref_892),Recombinant genetic vectors comprising synthetic promoter regions and ribosomal binding sites engineered for elevated recombinant protein expression. Section iteration 33 validates scalability across distributed node clusters and low-power hardware.,"1. An engineered DNA vector comprising an expression cassette, a selectable marker gene, and site-specific recombination target sequences. 2. The system of claim 1, further comprising automated feature selection step #33.",Biotechnology & Genomics,C12N 15/09,"Recombinant DNA technology, genetic engineering vectors, nucleic acid mutation"
US11851835B2,Electronic Health Record NLP Analytics Engine for Automated Clinical Coding (Spec #006 - Ref_719),"A health telemetry processing platform comprising wearable patient sensors, cloud data ingest engines, and machine learning models trained on physiological time-series. Section iteration 6 validates scalability across distributed node clusters and low-power hardware.","1. A medical decision support apparatus comprising memory storing patient health records, clinical guideline rule engines, and machine learning risk scoring processors. 2. The system of claim 1, further comprising automated feature selection step #6.",Software & Distributed Systems,G16H 50/20,"Healthcare data processing, AI medical decision support, clinical analytics"
US11849908B2,Dynamic Channel Allocation Protocol for 5G Millimeter Wave Base Stations (Spec #007 - Ref_259),A wireless transceiver system operating in unlicensed millimeter-wave frequencies utilizing spatial division multiplexing and digital pre-distortion. Section iteration 7 validates scalability across distributed node clusters and low-power hardware.,"1. A wireless communication device comprising a multi-antenna array, a radio frequency transceiver, and a baseband processor configured to generate beamforming spatial weights. 2. The system of claim 1, further comprising automated feature selection step #7.",Telecommunications & Wireless Networks,H04W 84/12,"Wireless local area networks, Wi-Fi protocols, 5G/6G cellular transmission"
US11850339B2,Automated Powertrain Torque Distribution Controller for Electric Drive Vehicles (Spec #009 - Ref_439),A computerized vehicle guidance system utilizing high-definition maps and real-time sensor streams to navigate complex intersections autonomously. Section iteration 9 validates scalability across distributed node clusters and low-power hardware.,"1. A vehicle safety apparatus comprising radar ranging sensors, brake actuators, and dynamic collision risk prediction software. 2. The system of claim 1, further comprising automated feature selection step #9.",Automotive & Autonomous Vehicles,B60W 30/00,"Autonomous vehicle guidance, driver assistance, automated steering control"
US11851907B2,Distributed Health Data Processing System for Real-Time Vital Sign Anomaly Detection (Spec #014 - Ref_906),"A health telemetry processing platform comprising wearable patient sensors, cloud data ingest engines, and machine learning models trained on physiological time-series. Section iteration 14 validates scalability across distributed node clusters and low-power hardware.","1. A healthcare data processing system comprising a clinical database interface, a natural language processing module, and predictive risk calculation models. 2. The system of claim 1, further comprising automated feature selection step #14.",Software & Distributed Systems,G16H 50/20,"Healthcare data processing, AI medical decision support, clinical analytics"
US11851150B2,Extreme Ultraviolet Lithography Method for Sub-3nm Semiconductor Gate Patterning (Spec #022 - Ref_799),"Integrated circuit manufacturing tools comprising wafer positioning stages, chemical slurry dispensers, and optical endpoint detection sensors for planarization. Section iteration 22 validates scalability across distributed node clusters and low-power hardware.","1. A method of manufacturing a semiconductor device comprising forming fin structures on a silicon substrate, depositing gate dielectrics, and etching gate electrodes. 2. The system of claim 1, further comprising automated feature selection step #22.",Semiconductors & Integrated Circuits,H01L 21/00,"Semiconductor device fabrication, lithography, integrated circuit processing"
US11849058B2,Multiplexed Guide RNA Gene Delivery Architecture for Therapeutic Endonuclease Expression (Spec #046 - Ref_386),Synthetic nucleic acid constructs encoding Cas endonuclease proteins and guide RNA sequences for high-efficiency eukaryotic genome modification. Section iteration 46 validates scalability across distributed node clusters and low-power hardware.,"1. An engineered DNA vector comprising an expression cassette, a selectable marker gene, and site-specific recombination target sequences. 2. The system of claim 1, further comprising automated feature selection step #46.",Biotechnology & Genomics,C12N 15/09,"Recombinant DNA technology, genetic engineering vectors, nucleic acid mutation"
US11849525B2,Nanoparticulate Drug Delivery Carrier for Targeted Active Ingredient Release (Spec #009 - Ref_984),"Therapeutic pharmaceutical formulations comprising lipid nanoparticle carriers for enhanced bioavailability, controlled gastric dissolution, and targeted active ingredient release. Section iteration 9 validates scalability across distributed node clusters and low-power hardware.","1. A pharmaceutical composition comprising a therapeutic active ingredient encapsulated within solid lipid nanoparticles and a pharmaceutically acceptable carrier. 2. The system of claim 1, further comprising automated feature selection step #9.",Pharmaceuticals & Medicinal Chemistry,A61K 31/00,"Pharmaceutical preparations, medicinal compounds, controlled release formulations"
US11847543B2,Multi-Layer Neural Network Classifier for Real-Time Sensor Data Streams (Spec #003 - Ref_830),A machine learning framework that extracts discriminative feature vectors from complex data streams and classifies operational states using gradient descent algorithms. Section iteration 3 validates scalability across distributed node clusters and low-power hardware.,"1. A computer-implemented method comprising receiving sensor data streams, generating feature vectors using a convolutional neural network layer, and computing loss functions based on multi-task attention mechanisms. 2. The system of claim 1, further comprising automated feature selection step #3.",Artificial Intelligence & Machine Learning,G06F 18/20,"Pattern recognition, machine learning classifiers, statistical feature extraction"
US11848107B2,Hardware Inference Accelerator with Quantized Neural Network Processing Units (Spec #024 - Ref_459),Integrated circuit architectures featuring systolic array multiplier units optimized for low-latency deep learning inference on edge computer vision devices. Section iteration 24 validates scalability across distributed node clusters and low-power hardware.,"1. A hardware accelerator chip comprising a matrix multiplication unit, activation function logic, and high-bandwidth memory interfaces configured for neural network inference. 2. The system of claim 1, further comprising automated feature selection step #24.",Artificial Intelligence & Machine Learning,G06N 3/02,"Neural network hardware architectures, artificial neural networks, computing chips"
US11849140B2,Avionics Telemetry Sensor Fusion Unit for UAV Altitude and Position Stabilization (Spec #009 - Ref_473),An autonomous unmanned aircraft system utilizing LIDAR and ultrasonic range sensors to navigate complex urban airspace while avoiding static and dynamic obstacles. Section iteration 9 validates scalability across distributed node clusters and low-power hardware.,"1. An aerial drone navigation apparatus comprising obstacle detection sensors, wireless telemetry links, and trajectory planning algorithms. 2. The system of claim 1, further comprising automated feature selection step #9.",Aerospace & Drone Avionics,B64C 39/02,"Unmanned aerial vehicles, quadcopter drone flight control, rotor craft"
US11849544B2,Sustained-Release Pharmaceutical Matrix Formulated with Hydrophilic Polymer Excipients (Spec #012 - Ref_286),A pharmaceutical composition comprising active therapeutic compounds encapsulated within micro-polymeric matrices designed for extended systemic absorption. Section iteration 12 validates scalability across distributed node clusters and low-power hardware.,"1. A therapeutic formulation comprising effective amounts of an enzymatic inhibitor compound combined with stabilizing excipient salts. 2. The system of claim 1, further comprising automated feature selection step #12.",Pharmaceuticals & Medicinal Chemistry,A61K 31/00,"Pharmaceutical preparations, medicinal compounds, controlled release formulations"
US11848449B2,Elliptic Curve Cryptographic Authentication Scheme for Distributed Microservice APIs (Spec #019 - Ref_154),A decentralized blockchain protocol configured to validate digital transaction blocks using multi-signature cryptographic schemes. Section iteration 19 validates scalability across distributed node clusters and low-power hardware.,"1. A secure transaction verification system comprising memory storing private cryptographic keys, token hashing logic, and distributed consensus validation protocols. 2. The system of claim 1, further comprising automated feature selection step #19.","Cryptography, Cybersecurity & Blockchain",H04L 9/32,"Digital signatures, message authentication, cryptographic security protocols"
US11849077B2,Synthetic Messenger RNA Construct with Enhanced Ribosomal Translation Efficiency (Spec #050 - Ref_690),Synthetic nucleic acid constructs encoding Cas endonuclease proteins and guide RNA sequences for high-efficiency eukaryotic genome modification. Section iteration 50 validates scalability across distributed node clusters and low-power hardware.,"1. A recombinant nucleic acid molecule comprising a promoter sequence, a guide RNA targeting domain, and a Cas9 endonuclease coding sequence configured for genome editing. 2. The system of claim 1, further comprising automated feature selection step #50.",Biotechnology & Genomics,C12N 15/09,"Recombinant DNA technology, genetic engineering vectors, nucleic acid mutation"
US11850751B2,Surface Plasmon Resonance Biosensor Device for Real-Time Protein Binding Kinetics (Spec #017 - Ref_729),Diagnostic biosensor platforms comprising microfluidic reaction channels and immobilised antibodies configured for quantitative optical fluorescence immunoassay analysis. Section iteration 17 validates scalability across distributed node clusters and low-power hardware.,"1. A point-of-care medical diagnostic instrument comprising fluidic actuators, temperature control elements, and fluorescence detection optics. 2. The system of claim 1, further comprising automated feature selection step #17.",Medical Devices & Healthcare Technology,G01N 33/50,"Biological assay testing, biosensors, chemical analysis diagnostic devices"
US11849966B2,Ultra-Low Latency Wireless Packet Transmission Architecture for OFDM Networks (Spec #015 - Ref_629),A wireless transceiver system operating in unlicensed millimeter-wave frequencies utilizing spatial division multiplexing and digital pre-distortion. Section iteration 15 validates scalability across distributed node clusters and low-power hardware.,"1. A wireless access point comprising a MAC layer controller, packet scheduling logic, and physical layer modems supporting high-throughput quadrature amplitude modulation. 2. The system of claim 1, further comprising automated feature selection step #15.",Telecommunications & Wireless Networks,H04W 84/12,"Wireless local area networks, Wi-Fi protocols, 5G/6G cellular transmission"
US11849897B2,Multi-User MIMO Beamforming Controller for High-Throughput Wireless Local Area Networks (Spec #006 - Ref_983),Methods and apparatus for dynamic radio spectrum management across 5G cellular base stations to minimize co-channel interference and packet loss. Section iteration 6 validates scalability across distributed node clusters and low-power hardware.,"1. A wireless communication device comprising a multi-antenna array, a radio frequency transceiver, and a baseband processor configured to generate beamforming spatial weights. 2. The system of claim 1, further comprising automated feature selection step #6.",Telecommunications & Wireless Networks,H04W 84/12,"Wireless local area networks, Wi-Fi protocols, 5G/6G cellular transmission"
US11847921B2,Supervised Machine Learning Classifier with Dynamic Loss Function Optimization (Spec #050 - Ref_145),"A computer-implemented system configured to receive input feature vectors, apply dimensionality reduction, and evaluate statistical classifier loss metrics. Section iteration 50 validates scalability across distributed node clusters and low-power hardware.","1. An automated classification apparatus comprising input interfaces configured to capture raw telemetry, feature selection modules, and a statistical classifier generating class predictions. 2. The system of claim 1, further comprising automated feature selection step #50.",Artificial Intelligence & Machine Learning,G06F 18/20,"Pattern recognition, machine learning classifiers, statistical feature extraction"
US11850814B2,Optofluidic Assay Platform for High-Throughput Single-Cell Fluorescence Monitoring (Spec #025 - Ref_762),Diagnostic biosensor platforms comprising microfluidic reaction channels and immobilised antibodies configured for quantitative optical fluorescence immunoassay analysis. Section iteration 25 validates scalability across distributed node clusters and low-power hardware.,"1. A point-of-care medical diagnostic instrument comprising fluidic actuators, temperature control elements, and fluorescence detection optics. 2. The system of claim 1, further comprising automated feature selection step #25.",Medical Devices & Healthcare Technology,G01N 33/50,"Biological assay testing, biosensors, chemical analysis diagnostic devices"
US11852021B2,Electronic Health Record NLP Analytics Engine for Automated Clinical Coding (Spec #031 - Ref_297),"Computer-implemented clinical decision support platforms configured to aggregate electronic health records, extract clinical parameters using NLP, and predict adverse events. Section iteration 31 validates scalability across distributed node clusters and low-power hardware.","1. A medical decision support apparatus comprising memory storing patient health records, clinical guideline rule engines, and machine learning risk scoring processors. 2. The system of claim 1, further comprising automated feature selection step #31.",Software & Distributed Systems,G16H 50/20,"Healthcare data processing, AI medical decision support, clinical analytics"
US11850355B2,Autonomous Vehicle Lane Keeping Assistance and Automated Steering Controller (Spec #011 - Ref_264),A computerized vehicle guidance system utilizing high-definition maps and real-time sensor streams to navigate complex intersections autonomously. Section iteration 11 validates scalability across distributed node clusters and low-power hardware.,"1. A vehicle safety apparatus comprising radar ranging sensors, brake actuators, and dynamic collision risk prediction software. 2. The system of claim 1, further comprising automated feature selection step #11.",Automotive & Autonomous Vehicles,B60W 30/00,"Autonomous vehicle guidance, driver assistance, automated steering control"
US11847528B2,Statistical Pattern Recognition Architecture for High-Frequency Data Vector Mining (Spec #001 - Ref_494),Methods and systems for training multi-layer neural network classifiers using dynamic feature extraction from multi-modal sensor arrays to optimize pattern recognition performance. Section iteration 1 validates scalability across distributed node clusters and low-power hardware.,"1. An automated classification apparatus comprising input interfaces configured to capture raw telemetry, feature selection modules, and a statistical classifier generating class predictions. 2. The system of claim 1, further comprising automated feature selection step #1.",Artificial Intelligence & Machine Learning,G06F 18/20,"Pattern recognition, machine learning classifiers, statistical feature extraction"
US11849459B2,Collision Avoidance Architecture for Swarm Unmanned Aerial Vehicle Navigation (Spec #049 - Ref_426),A flight control computer configured to adjust multi-rotor motor speeds based on Kalman-filtered inertial measurement unit data. Section iteration 49 validates scalability across distributed node clusters and low-power hardware.,"1. A UAV flight stabilization system comprising an inertial measurement unit, GPS positioning receivers, and electronic motor speed controllers. 2. The system of claim 1, further comprising automated feature selection step #49.",Aerospace & Drone Avionics,B64C 39/02,"Unmanned aerial vehicles, quadcopter drone flight control, rotor craft"
US11851328B2,Chemical Mechanical Planarization Tool with Real-Time Wafer Polishing Monitoring (Spec #041 - Ref_668),A process for depositing high-k dielectric layers on silicon substrates using atomic layer deposition chambers with precise precursor gas pulses. Section iteration 41 validates scalability across distributed node clusters and low-power hardware.,"1. An integrated circuit fabrication process comprising etching through-silicon vias, depositing barrier metal layers, and electroplating copper interconnects. 2. The system of claim 1, further comprising automated feature selection step #41.",Semiconductors & Integrated Circuits,H01L 21/00,"Semiconductor device fabrication, lithography, integrated circuit processing"
US11850324B2,Adaptive Cruise Control Architecture for Autonomous Automobile Platooning (Spec #008 - Ref_935),A computerized vehicle guidance system utilizing high-definition maps and real-time sensor streams to navigate complex intersections autonomously. Section iteration 8 validates scalability across distributed node clusters and low-power hardware.,"1. An autonomous vehicle guidance system comprising a LIDAR sensor, a camera processor, and an electronic control unit configured to actuate steering and braking systems. 2. The system of claim 1, further comprising automated feature selection step #8.",Automotive & Autonomous Vehicles,B60W 30/00,"Autonomous vehicle guidance, driver assistance, automated steering control"
US11850576B2,Automated Powertrain Torque Distribution Controller for Electric Drive Vehicles (Spec #043 - Ref_199),"An autonomous vehicle control system integrating front-facing camera feeds, radar ranging data, and wheel speed telemetry to execute collision mitigation maneuvers. Section iteration 43 validates scalability across distributed node clusters and low-power hardware.","1. An automated vehicle control system comprising lateral steering controllers, longitudinal speed managers, and sensor fusion modules. 2. The system of claim 1, further comprising automated feature selection step #43.",Automotive & Autonomous Vehicles,B60W 30/00,"Autonomous vehicle guidance, driver assistance, automated steering control"
US11847575B2,Automated Pattern Recognition System Using High-Dimensional Feature Vectors (Spec #008 - Ref_798),"A computer-implemented system configured to receive input feature vectors, apply dimensionality reduction, and evaluate statistical classifier loss metrics. Section iteration 8 validates scalability across distributed node clusters and low-power hardware.","1. A computer-implemented method comprising receiving sensor data streams, generating feature vectors using a convolutional neural network layer, and computing loss functions based on multi-task attention mechanisms. 2. The system of claim 1, further comprising automated feature selection step #8.",Artificial Intelligence & Machine Learning,G06F 18/20,"Pattern recognition, machine learning classifiers, statistical feature extraction"
US11848934B2,Recombinant DNA Molecule Designed for Gene Knockout and Transcriptional Regulation (Spec #032 - Ref_396),Synthetic nucleic acid constructs encoding Cas endonuclease proteins and guide RNA sequences for high-efficiency eukaryotic genome modification. Section iteration 32 validates scalability across distributed node clusters and low-power hardware.,"1. An engineered DNA vector comprising an expression cassette, a selectable marker gene, and site-specific recombination target sequences. 2. The system of claim 1, further comprising automated feature selection step #32.",Biotechnology & Genomics,C12N 15/09,"Recombinant DNA technology, genetic engineering vectors, nucleic acid mutation"
US11847839B2,System and Method for Deep Learning Feature Classification in Multi-Modal Sensor Networks (Spec #038 - Ref_838),A machine learning framework that extracts discriminative feature vectors from complex data streams and classifies operational states using gradient descent algorithms. Section iteration 38 validates scalability across distributed node clusters and low-power hardware.,"1. An automated classification apparatus comprising input interfaces configured to capture raw telemetry, feature selection modules, and a statistical classifier generating class predictions. 2. The system of claim 1, further comprising automated feature selection step #38.",Artificial Intelligence & Machine Learning,G06F 18/20,"Pattern recognition, machine learning classifiers, statistical feature extraction"
US11848510B2,Post-Quantum Public Key Cryptographic Infrastructure for Network Authentication (Spec #028 - Ref_770),A decentralized blockchain protocol configured to validate digital transaction blocks using multi-signature cryptographic schemes. Section iteration 28 validates scalability across distributed node clusters and low-power hardware.,"1. A secure transaction verification system comprising memory storing private cryptographic keys, token hashing logic, and distributed consensus validation protocols. 2. The system of claim 1, further comprising automated feature selection step #28.","Cryptography, Cybersecurity & Blockchain",H04L 9/32,"Digital signatures, message authentication, cryptographic security protocols"
US11847982B2,Hardware Inference Accelerator with Quantized Neural Network Processing Units (Spec #006 - Ref_793),A hardware accelerator chip comprising an array of processing elements configured to execute parallel matrix-vector multiplications for artificial neural networks. Section iteration 6 validates scalability across distributed node clusters and low-power hardware.,"1. A neuromorphic computing system comprising artificial neuron circuits, synaptic crossbar arrays, and spike-timing-dependent plasticity control modules. 2. The system of claim 1, further comprising automated feature selection step #6.",Artificial Intelligence & Machine Learning,G06N 3/02,"Neural network hardware architectures, artificial neural networks, computing chips"
US11847985B2,Convolutional Neural Network Hardware Accelerator for Real-Time Edge Image Processing (Spec #007 - Ref_799),Integrated circuit architectures featuring systolic array multiplier units optimized for low-latency deep learning inference on edge computer vision devices. Section iteration 7 validates scalability across distributed node clusters and low-power hardware.,"1. A hardware accelerator chip comprising a matrix multiplication unit, activation function logic, and high-bandwidth memory interfaces configured for neural network inference. 2. The system of claim 1, further comprising automated feature selection step #7.",Artificial Intelligence & Machine Learning,G06N 3/02,"Neural network hardware architectures, artificial neural networks, computing chips"
US11849647B2,Controlled Release Pharmaceutical Oral Dosage Form Comprising Solid Lipid Nanoparticles (Spec #025 - Ref_726),"Therapeutic pharmaceutical formulations comprising lipid nanoparticle carriers for enhanced bioavailability, controlled gastric dissolution, and targeted active ingredient release. Section iteration 25 validates scalability across distributed node clusters and low-power hardware.","1. An oral drug delivery system comprising an active medicinal compound, a bioadhesive polymer coat, and a pH-dependent enteric release layer. 2. The system of claim 1, further comprising automated feature selection step #25.",Pharmaceuticals & Medicinal Chemistry,A61K 31/00,"Pharmaceutical preparations, medicinal compounds, controlled release formulations"
US11850012B2,Radio Frequency Carrier Aggregation Controller for Cellular Data Streams (Spec #022 - Ref_179),Methods and apparatus for dynamic radio spectrum management across 5G cellular base stations to minimize co-channel interference and packet loss. Section iteration 22 validates scalability across distributed node clusters and low-power hardware.,"1. A wireless communication device comprising a multi-antenna array, a radio frequency transceiver, and a baseband processor configured to generate beamforming spatial weights. 2. The system of claim 1, further comprising automated feature selection step #22.",Telecommunications & Wireless Networks,H04W 84/12,"Wireless local area networks, Wi-Fi protocols, 5G/6G cellular transmission"
US11850261B2,Autonomous Vehicle Lane Keeping Assistance and Automated Steering Controller (Spec #001 - Ref_127),A computerized vehicle guidance system utilizing high-definition maps and real-time sensor streams to navigate complex intersections autonomously. Section iteration 1 validates scalability across distributed node clusters and low-power hardware.,"1. An autonomous vehicle guidance system comprising a LIDAR sensor, a camera processor, and an electronic control unit configured to actuate steering and braking systems. 2. The system of claim 1, further comprising automated feature selection step #1.",Automotive & Autonomous Vehicles,B60W 30/00,"Autonomous vehicle guidance, driver assistance, automated steering control"
US11851826B2,Electronic Health Record NLP Analytics Engine for Automated Clinical Coding (Spec #004 - Ref_965),Methods for analyzing unstructured clinical progress notes using natural language processing to extract diagnostic codes and recommend therapeutic interventions. Section iteration 4 validates scalability across distributed node clusters and low-power hardware.,"1. A medical decision support apparatus comprising memory storing patient health records, clinical guideline rule engines, and machine learning risk scoring processors. 2. The system of claim 1, further comprising automated feature selection step #4.",Software & Distributed Systems,G16H 50/20,"Healthcare data processing, AI medical decision support, clinical analytics"
US11849216B2,Autonomous Flight Trajectory Control System for Multi-Rotor Unmanned Aerial Vehicles (Spec #017 - Ref_763),An autonomous unmanned aircraft system utilizing LIDAR and ultrasonic range sensors to navigate complex urban airspace while avoiding static and dynamic obstacles. Section iteration 17 validates scalability across distributed node clusters and low-power hardware.,"1. An autonomous unmanned aerial vehicle comprising a flight control processor, rotor actuators, and sensors configured to compute dynamic aerodynamic trajectories. 2. The system of claim 1, further comprising automated feature selection step #17.",Aerospace & Drone Avionics,B64C 39/02,"Unmanned aerial vehicles, quadcopter drone flight control, rotor craft"
US11848349B2,Zero-Knowledge Proof Tokenization Framework for Secure Identity Verification (Spec #007 - Ref_151),Methods for establishing secure mutual authentication between distributed network nodes using zero-knowledge identity assertions and cryptographic key exchange. Section iteration 7 validates scalability across distributed node clusters and low-power hardware.,"1. A computer-implemented method comprising generating zero-knowledge proof tokens, verifying public key hashes, and validating transaction blocks across a peer-to-peer network. 2. The system of claim 1, further comprising automated feature selection step #7.","Cryptography, Cybersecurity & Blockchain",H04L 9/32,"Digital signatures, message authentication, cryptographic security protocols"
US11851361B2,Extreme Ultraviolet Lithography Method for Sub-3nm Semiconductor Gate Patterning (Spec #046 - Ref_518),A process for depositing high-k dielectric layers on silicon substrates using atomic layer deposition chambers with precise precursor gas pulses. Section iteration 46 validates scalability across distributed node clusters and low-power hardware.,"1. A method of manufacturing a semiconductor device comprising forming fin structures on a silicon substrate, depositing gate dielectrics, and etching gate electrodes. 2. The system of claim 1, further comprising automated feature selection step #46.",Semiconductors & Integrated Circuits,H01L 21/00,"Semiconductor device fabrication, lithography, integrated circuit processing"
US11847917B2,Supervised Machine Learning Classifier with Dynamic Loss Function Optimization (Spec #049 - Ref_493),"A computer-implemented system configured to receive input feature vectors, apply dimensionality reduction, and evaluate statistical classifier loss metrics. Section iteration 49 validates scalability across distributed node clusters and low-power hardware.","1. An automated classification apparatus comprising input interfaces configured to capture raw telemetry, feature selection modules, and a statistical classifier generating class predictions. 2. The system of claim 1, further comprising automated feature selection step #49.",Artificial Intelligence & Machine Learning,G06F 18/20,"Pattern recognition, machine learning classifiers, statistical feature extraction"
US11848260B2,Hardware Inference Accelerator with Quantized Neural Network Processing Units (Spec #043 - Ref_425),A neuromorphic integrated circuit utilizing non-volatile memory cells as synaptic weights for high-throughput spiking neural network computation. Section iteration 43 validates scalability across distributed node clusters and low-power hardware.,"1. A hardware accelerator chip comprising a matrix multiplication unit, activation function logic, and high-bandwidth memory interfaces configured for neural network inference. 2. The system of claim 1, further comprising automated feature selection step #43.",Artificial Intelligence & Machine Learning,G06N 3/02,"Neural network hardware architectures, artificial neural networks, computing chips"
US11847780B2,Supervised Machine Learning Classifier with Dynamic Loss Function Optimization (Spec #031 - Ref_572),Methods and systems for training multi-layer neural network classifiers using dynamic feature extraction from multi-modal sensor arrays to optimize pattern recognition performance. Section iteration 31 validates scalability across distributed node clusters and low-power hardware.,"1. An automated classification apparatus comprising input interfaces configured to capture raw telemetry, feature selection modules, and a statistical classifier generating class predictions. 2. The system of claim 1, further comprising automated feature selection step #31.",Artificial Intelligence & Machine Learning,G06F 18/20,"Pattern recognition, machine learning classifiers, statistical feature extraction"
US11848388B2,Elliptic Curve Cryptographic Authentication Scheme for Distributed Microservice APIs (Spec #011 - Ref_124),Methods for establishing secure mutual authentication between distributed network nodes using zero-knowledge identity assertions and cryptographic key exchange. Section iteration 11 validates scalability across distributed node clusters and low-power hardware.,"1. A secure transaction verification system comprising memory storing private cryptographic keys, token hashing logic, and distributed consensus validation protocols. 2. The system of claim 1, further comprising automated feature selection step #11.","Cryptography, Cybersecurity & Blockchain",H04L 9/32,"Digital signatures, message authentication, cryptographic security protocols"
US11850411B2,Autonomous Vehicle Lane Keeping Assistance and Automated Steering Controller (Spec #017 - Ref_562),Advanced driver assistance systems for electric vehicles comprising sensor fusion processors configured to compute dynamic vehicle trajectories and actuate automated steering. Section iteration 17 validates scalability across distributed node clusters and low-power hardware.,"1. An automated vehicle control system comprising lateral steering controllers, longitudinal speed managers, and sensor fusion modules. 2. The system of claim 1, further comprising automated feature selection step #17.",Automotive & Autonomous Vehicles,B60W 30/00,"Autonomous vehicle guidance, driver assistance, automated steering control"
US11851699B2,3D Depth Map Estimation System for Autonomous Computer Vision Sensors (Spec #038 - Ref_861),"Computer vision methods and systems for segmenting digital video frames, bounding detected objects, and computing feature trajectories using deep neural networks. Section iteration 38 validates scalability across distributed node clusters and low-power hardware.","1. An image processing method comprising receiving digital video frames, computing optical flow vectors, and generating object bounding box coordinates. 2. The system of claim 1, further comprising automated feature selection step #38.",Computer Vision & Image Processing,G06T 7/00,"Computer vision, image segmentation, pattern analysis, video stream processing"
US11852090B2,Predictive Patient Monitoring Architecture Using Machine Learning Vital Sign Fusion (Spec #039 - Ref_594),"A health telemetry processing platform comprising wearable patient sensors, cloud data ingest engines, and machine learning models trained on physiological time-series. Section iteration 39 validates scalability across distributed node clusters and low-power hardware.","1. A healthcare data processing system comprising a clinical database interface, a natural language processing module, and predictive risk calculation models. 2. The system of claim 1, further comprising automated feature selection step #39.",Software & Distributed Systems,G16H 50/20,"Healthcare data processing, AI medical decision support, clinical analytics"
US11850113B2,Multi-User MIMO Beamforming Controller for High-Throughput Wireless Local Area Networks (Spec #034 - Ref_440),Wireless communication architectures for multi-user MIMO access points configured to optimize beamforming weights and channel bandwidth allocation in dense Wi-Fi environments. Section iteration 34 validates scalability across distributed node clusters and low-power hardware.,"1. A wireless communication device comprising a multi-antenna array, a radio frequency transceiver, and a baseband processor configured to generate beamforming spatial weights. 2. The system of claim 1, further comprising automated feature selection step #34.",Telecommunications & Wireless Networks,H04W 84/12,"Wireless local area networks, Wi-Fi protocols, 5G/6G cellular transmission"
US11849805B2,Nanoparticulate Drug Delivery Carrier for Targeted Active Ingredient Release (Spec #048 - Ref_890),"Therapeutic pharmaceutical formulations comprising lipid nanoparticle carriers for enhanced bioavailability, controlled gastric dissolution, and targeted active ingredient release. Section iteration 48 validates scalability across distributed node clusters and low-power hardware.","1. A pharmaceutical composition comprising a therapeutic active ingredient encapsulated within solid lipid nanoparticles and a pharmaceutically acceptable carrier. 2. The system of claim 1, further comprising automated feature selection step #48.",Pharmaceuticals & Medicinal Chemistry,A61K 31/00,"Pharmaceutical preparations, medicinal compounds, controlled release formulations"
US11848025B2,Systolic Array Architecture for Low-Power Deep Neural Network Matrix Multiplication (Spec #013 - Ref_967),Integrated circuit architectures featuring systolic array multiplier units optimized for low-latency deep learning inference on edge computer vision devices. Section iteration 13 validates scalability across distributed node clusters and low-power hardware.,"1. An integrated circuit comprising an array of digital signal processors, on-chip SRAM weight buffers, and control logic executing neural network layers. 2. The system of claim 1, further comprising automated feature selection step #13.",Artificial Intelligence & Machine Learning,G06N 3/02,"Neural network hardware architectures, artificial neural networks, computing chips"
US11849670B2,Controlled Release Pharmaceutical Oral Dosage Form Comprising Solid Lipid Nanoparticles (Spec #029 - Ref_420),A pharmaceutical composition comprising active therapeutic compounds encapsulated within micro-polymeric matrices designed for extended systemic absorption. Section iteration 29 validates scalability across distributed node clusters and low-power hardware.,"1. A therapeutic formulation comprising effective amounts of an enzymatic inhibitor compound combined with stabilizing excipient salts. 2. The system of claim 1, further comprising automated feature selection step #29.",Pharmaceuticals & Medicinal Chemistry,A61K 31/00,"Pharmaceutical preparations, medicinal compounds, controlled release formulations"
US11850396B2,Vehicle Trajectory Planning Computer Based on Real-Time LIDAR Point Cloud Processing (Spec #015 - Ref_286),Advanced driver assistance systems for electric vehicles comprising sensor fusion processors configured to compute dynamic vehicle trajectories and actuate automated steering. Section iteration 15 validates scalability across distributed node clusters and low-power hardware.,"1. An automated vehicle control system comprising lateral steering controllers, longitudinal speed managers, and sensor fusion modules. 2. The system of claim 1, further comprising automated feature selection step #15.",Automotive & Autonomous Vehicles,B60W 30/00,"Autonomous vehicle guidance, driver assistance, automated steering control"
US11847581B2,Statistical Pattern Recognition Architecture for High-Frequency Data Vector Mining (Spec #009 - Ref_736),"A computer-implemented system configured to receive input feature vectors, apply dimensionality reduction, and evaluate statistical classifier loss metrics. Section iteration 9 validates scalability across distributed node clusters and low-power hardware.","1. A computer-implemented method comprising receiving sensor data streams, generating feature vectors using a convolutional neural network layer, and computing loss functions based on multi-task attention mechanisms. 2. The system of claim 1, further comprising automated feature selection step #9.",Artificial Intelligence & Machine Learning,G06F 18/20,"Pattern recognition, machine learning classifiers, statistical feature extraction"
US11851369B2,3D FinFET Transistor Fabrication Process Featuring Gate-All-Around Architecture (Spec #047 - Ref_395),"Integrated circuit manufacturing tools comprising wafer positioning stages, chemical slurry dispensers, and optical endpoint detection sensors for planarization. Section iteration 47 validates scalability across distributed node clusters and low-power hardware.","1. A method of manufacturing a semiconductor device comprising forming fin structures on a silicon substrate, depositing gate dielectrics, and etching gate electrodes. 2. The system of claim 1, further comprising automated feature selection step #47.",Semiconductors & Integrated Circuits,H01L 21/00,"Semiconductor device fabrication, lithography, integrated circuit processing"
US11849993B2,Adaptive Modulation and Coding Scheme for High-Density Wi-Fi Access Points (Spec #018 - Ref_437),Wireless communication architectures for multi-user MIMO access points configured to optimize beamforming weights and channel bandwidth allocation in dense Wi-Fi environments. Section iteration 18 validates scalability across distributed node clusters and low-power hardware.,"1. A wireless communication device comprising a multi-antenna array, a radio frequency transceiver, and a baseband processor configured to generate beamforming spatial weights. 2. The system of claim 1, further comprising automated feature selection step #18.",Telecommunications & Wireless Networks,H04W 84/12,"Wireless local area networks, Wi-Fi protocols, 5G/6G cellular transmission"
US11848951B2,Multiplexed Guide RNA Gene Delivery Architecture for Therapeutic Endonuclease Expression (Spec #034 - Ref_106),"Genetic engineering constructs and recombinant DNA vectors optimized for targeted nucleotide cleavage, genomic sequence editing, and gene expression modulation. Section iteration 34 validates scalability across distributed node clusters and low-power hardware.","1. A synthetic genetic construct comprising a therapeutic nucleotide sequence linked to an inducible promoter and viral packaging signals. 2. The system of claim 1, further comprising automated feature selection step #34.",Biotechnology & Genomics,C12N 15/09,"Recombinant DNA technology, genetic engineering vectors, nucleic acid mutation"
US11848060B2,Hardware Inference Accelerator with Quantized Neural Network Processing Units (Spec #018 - Ref_970),Integrated circuit architectures featuring systolic array multiplier units optimized for low-latency deep learning inference on edge computer vision devices. Section iteration 18 validates scalability across distributed node clusters and low-power hardware.,"1. An integrated circuit comprising an array of digital signal processors, on-chip SRAM weight buffers, and control logic executing neural network layers. 2. The system of claim 1, further comprising automated feature selection step #18.",Artificial Intelligence & Machine Learning,G06N 3/02,"Neural network hardware architectures, artificial neural networks, computing chips"
US11848529B2,Distributed Ledger Transaction Validation Protocol Using Digital Signature Aggregation (Spec #031 - Ref_855),A decentralized blockchain protocol configured to validate digital transaction blocks using multi-signature cryptographic schemes. Section iteration 31 validates scalability across distributed node clusters and low-power hardware.,"1. A cryptographic authentication system comprising key generation modules, signature verification processors, and zero-knowledge proof verification algorithms. 2. The system of claim 1, further comprising automated feature selection step #31.","Cryptography, Cybersecurity & Blockchain",H04L 9/32,"Digital signatures, message authentication, cryptographic security protocols"
US11848014B2,Spiking Neural Network Processor with On-Chip Synaptic Weight Memory (Spec #010 - Ref_817),Integrated circuit architectures featuring systolic array multiplier units optimized for low-latency deep learning inference on edge computer vision devices. Section iteration 10 validates scalability across distributed node clusters and low-power hardware.,"1. An integrated circuit comprising an array of digital signal processors, on-chip SRAM weight buffers, and control logic executing neural network layers. 2. The system of claim 1, further comprising automated feature selection step #10.",Artificial Intelligence & Machine Learning,G06N 3/02,"Neural network hardware architectures, artificial neural networks, computing chips"
US11850624B2,Adaptive Cruise Control Architecture for Autonomous Automobile Platooning (Spec #050 - Ref_290),"An autonomous vehicle control system integrating front-facing camera feeds, radar ranging data, and wheel speed telemetry to execute collision mitigation maneuvers. Section iteration 50 validates scalability across distributed node clusters and low-power hardware.","1. An autonomous vehicle guidance system comprising a LIDAR sensor, a camera processor, and an electronic control unit configured to actuate steering and braking systems. 2. The system of claim 1, further comprising automated feature selection step #50.",Automotive & Autonomous Vehicles,B60W 30/00,"Autonomous vehicle guidance, driver assistance, automated steering control"
US11848063B2,Hardware Inference Accelerator with Quantized Neural Network Processing Units (Spec #019 - Ref_625),A neuromorphic integrated circuit utilizing non-volatile memory cells as synaptic weights for high-throughput spiking neural network computation. Section iteration 19 validates scalability across distributed node clusters and low-power hardware.,"1. An integrated circuit comprising an array of digital signal processors, on-chip SRAM weight buffers, and control logic executing neural network layers. 2. The system of claim 1, further comprising automated feature selection step #19.",Artificial Intelligence & Machine Learning,G06N 3/02,"Neural network hardware architectures, artificial neural networks, computing chips"
US11851426B2,Edge Detection and Boundary Tracking System for Industrial Automated Inspection (Spec #006 - Ref_171),"Automated optical inspection systems utilizing high-resolution image sensors, spatial filtering algorithms, and pattern matching models to detect surface defects. Section iteration 6 validates scalability across distributed node clusters and low-power hardware.","1. An image processing method comprising receiving digital video frames, computing optical flow vectors, and generating object bounding box coordinates. 2. The system of claim 1, further comprising automated feature selection step #6.",Computer Vision & Image Processing,G06T 7/00,"Computer vision, image segmentation, pattern analysis, video stream processing"
US11849794B2,Nanoparticulate Drug Delivery Carrier for Targeted Active Ingredient Release (Spec #045 - Ref_278),"Therapeutic pharmaceutical formulations comprising lipid nanoparticle carriers for enhanced bioavailability, controlled gastric dissolution, and targeted active ingredient release. Section iteration 45 validates scalability across distributed node clusters and low-power hardware.","1. A therapeutic formulation comprising effective amounts of an enzymatic inhibitor compound combined with stabilizing excipient salts. 2. The system of claim 1, further comprising automated feature selection step #45.",Pharmaceuticals & Medicinal Chemistry,A61K 31/00,"Pharmaceutical preparations, medicinal compounds, controlled release formulations"
US11848020B2,Hardware Inference Accelerator with Quantized Neural Network Processing Units (Spec #011 - Ref_825),Integrated circuit architectures featuring systolic array multiplier units optimized for low-latency deep learning inference on edge computer vision devices. Section iteration 11 validates scalability across distributed node clusters and low-power hardware.,"1. A hardware accelerator chip comprising a matrix multiplication unit, activation function logic, and high-bandwidth memory interfaces configured for neural network inference. 2. The system of claim 1, further comprising automated feature selection step #11.",Artificial Intelligence & Machine Learning,G06N 3/02,"Neural network hardware architectures, artificial neural networks, computing chips"
US11851648B2,Real-Time Video Object Detection and Tracking System Using Deep Convolutional Networks (Spec #032 - Ref_981),"Computer vision methods and systems for segmenting digital video frames, bounding detected objects, and computing feature trajectories using deep neural networks. Section iteration 32 validates scalability across distributed node clusters and low-power hardware.","1. A computer vision system comprising an image sensor, a GPU frame processor, and software modules configured to segment image frames and classify detected objects. 2. The system of claim 1, further comprising automated feature selection step #32.",Computer Vision & Image Processing,G06T 7/00,"Computer vision, image segmentation, pattern analysis, video stream processing"
US11847825B2,Automated Pattern Recognition System Using High-Dimensional Feature Vectors (Spec #036 - Ref_895),A machine learning framework that extracts discriminative feature vectors from complex data streams and classifies operational states using gradient descent algorithms. Section iteration 36 validates scalability across distributed node clusters and low-power hardware.,"1. A computer-implemented method comprising receiving sensor data streams, generating feature vectors using a convolutional neural network layer, and computing loss functions based on multi-task attention mechanisms. 2. The system of claim 1, further comprising automated feature selection step #36.",Artificial Intelligence & Machine Learning,G06F 18/20,"Pattern recognition, machine learning classifiers, statistical feature extraction"
US11851528B2,Semantic Image Segmentation Architecture for High-Resolution Medical Scans (Spec #017 - Ref_558),"An image processing system configured to receive multi-camera video streams, apply stereoscopic correspondence algorithms, and construct 3D point cloud representations. Section iteration 17 validates scalability across distributed node clusters and low-power hardware.","1. An image processing method comprising receiving digital video frames, computing optical flow vectors, and generating object bounding box coordinates. 2. The system of claim 1, further comprising automated feature selection step #17.",Computer Vision & Image Processing,G06T 7/00,"Computer vision, image segmentation, pattern analysis, video stream processing"
US11851273B2,Extreme Ultraviolet Lithography Method for Sub-3nm Semiconductor Gate Patterning (Spec #035 - Ref_481),"Integrated circuit manufacturing tools comprising wafer positioning stages, chemical slurry dispensers, and optical endpoint detection sensors for planarization. Section iteration 35 validates scalability across distributed node clusters and low-power hardware.","1. A method of manufacturing a semiconductor device comprising forming fin structures on a silicon substrate, depositing gate dielectrics, and etching gate electrodes. 2. The system of claim 1, further comprising automated feature selection step #35.",Semiconductors & Integrated Circuits,H01L 21/00,"Semiconductor device fabrication, lithography, integrated circuit processing"
US11849327B2,Autonomous Flight Trajectory Control System for Multi-Rotor Unmanned Aerial Vehicles (Spec #030 - Ref_528),An autonomous unmanned aircraft system utilizing LIDAR and ultrasonic range sensors to navigate complex urban airspace while avoiding static and dynamic obstacles. Section iteration 30 validates scalability across distributed node clusters and low-power hardware.,"1. An aerial drone navigation apparatus comprising obstacle detection sensors, wireless telemetry links, and trajectory planning algorithms. 2. The system of claim 1, further comprising automated feature selection step #30.",Aerospace & Drone Avionics,B64C 39/02,"Unmanned aerial vehicles, quadcopter drone flight control, rotor craft"
US11850262B2,Vehicle Trajectory Planning Computer Based on Real-Time LIDAR Point Cloud Processing (Spec #002 - Ref_673),"An autonomous vehicle control system integrating front-facing camera feeds, radar ranging data, and wheel speed telemetry to execute collision mitigation maneuvers. Section iteration 2 validates scalability across distributed node clusters and low-power hardware.","1. An autonomous vehicle guidance system comprising a LIDAR sensor, a camera processor, and an electronic control unit configured to actuate steering and braking systems. 2. The system of claim 1, further comprising automated feature selection step #2.",Automotive & Autonomous Vehicles,B60W 30/00,"Autonomous vehicle guidance, driver assistance, automated steering control"
US11850598B2,Predictive Emergency Braking System for Electric Vehicles Using Radar Sensor Fusion (Spec #047 - Ref_955),Advanced driver assistance systems for electric vehicles comprising sensor fusion processors configured to compute dynamic vehicle trajectories and actuate automated steering. Section iteration 47 validates scalability across distributed node clusters and low-power hardware.,"1. An autonomous vehicle guidance system comprising a LIDAR sensor, a camera processor, and an electronic control unit configured to actuate steering and braking systems. 2. The system of claim 1, further comprising automated feature selection step #47.",Automotive & Autonomous Vehicles,B60W 30/00,"Autonomous vehicle guidance, driver assistance, automated steering control"
US11852121B2,Distributed Health Data Processing System for Real-Time Vital Sign Anomaly Detection (Spec #043 - Ref_313),"A health telemetry processing platform comprising wearable patient sensors, cloud data ingest engines, and machine learning models trained on physiological time-series. Section iteration 43 validates scalability across distributed node clusters and low-power hardware.","1. A healthcare data processing system comprising a clinical database interface, a natural language processing module, and predictive risk calculation models. 2. The system of claim 1, further comprising automated feature selection step #43.",Software & Distributed Systems,G16H 50/20,"Healthcare data processing, AI medical decision support, clinical analytics"
US11851640B2,Edge Detection and Boundary Tracking System for Industrial Automated Inspection (Spec #031 - Ref_465),"Computer vision methods and systems for segmenting digital video frames, bounding detected objects, and computing feature trajectories using deep neural networks. Section iteration 31 validates scalability across distributed node clusters and low-power hardware.","1. A computer vision system comprising an image sensor, a GPU frame processor, and software modules configured to segment image frames and classify detected objects. 2. The system of claim 1, further comprising automated feature selection step #31.",Computer Vision & Image Processing,G06T 7/00,"Computer vision, image segmentation, pattern analysis, video stream processing"
US11850684B2,Surface Plasmon Resonance Biosensor Device for Real-Time Protein Binding Kinetics (Spec #007 - Ref_568),A portable medical diagnostic device comprising electrochemical sensor strips and micro-controller circuitry calibrated for rapid analyte concentration measurement. Section iteration 7 validates scalability across distributed node clusters and low-power hardware.,"1. A diagnostic biosensor device comprising a sample inlet, microfluidic reaction channels containing immobilised capture probes, and an optical photodetector. 2. The system of claim 1, further comprising automated feature selection step #7.",Medical Devices & Healthcare Technology,G01N 33/50,"Biological assay testing, biosensors, chemical analysis diagnostic devices"
US11848897B2,Recombinant Plasmid Vector for Targeted CRISPR-Cas9 Gene Editing Assays (Spec #025 - Ref_719),Synthetic nucleic acid constructs encoding Cas endonuclease proteins and guide RNA sequences for high-efficiency eukaryotic genome modification. Section iteration 25 validates scalability across distributed node clusters and low-power hardware.,"1. An engineered DNA vector comprising an expression cassette, a selectable marker gene, and site-specific recombination target sequences. 2. The system of claim 1, further comprising automated feature selection step #25.",Biotechnology & Genomics,C12N 15/09,"Recombinant DNA technology, genetic engineering vectors, nucleic acid mutation"
US11849575B2,Liposomal Pharmaceutical Suspension for Enhanced Bioavailability and Transdermal Delivery (Spec #015 - Ref_433),Novel medicinal formulations comprising organic therapeutic inhibitors combined with pharmaceutically acceptable excipients to achieve controlled therapeutic dosage profiles. Section iteration 15 validates scalability across distributed node clusters and low-power hardware.,"1. A pharmaceutical composition comprising a therapeutic active ingredient encapsulated within solid lipid nanoparticles and a pharmaceutically acceptable carrier. 2. The system of claim 1, further comprising automated feature selection step #15.",Pharmaceuticals & Medicinal Chemistry,A61K 31/00,"Pharmaceutical preparations, medicinal compounds, controlled release formulations"
US11849445B2,Autonomous Vertical Takeoff and Landing (VTOL) Flight Control Computer (Spec #045 - Ref_953),An autonomous unmanned aircraft system utilizing LIDAR and ultrasonic range sensors to navigate complex urban airspace while avoiding static and dynamic obstacles. Section iteration 45 validates scalability across distributed node clusters and low-power hardware.,"1. An aerial drone navigation apparatus comprising obstacle detection sensors, wireless telemetry links, and trajectory planning algorithms. 2. The system of claim 1, further comprising automated feature selection step #45.",Aerospace & Drone Avionics,B64C 39/02,"Unmanned aerial vehicles, quadcopter drone flight control, rotor craft"
US11850104B2,Radio Frequency Carrier Aggregation Controller for Cellular Data Streams (Spec #033 - Ref_244),A wireless transceiver system operating in unlicensed millimeter-wave frequencies utilizing spatial division multiplexing and digital pre-distortion. Section iteration 33 validates scalability across distributed node clusters and low-power hardware.,"1. A wireless access point comprising a MAC layer controller, packet scheduling logic, and physical layer modems supporting high-throughput quadrature amplitude modulation. 2. The system of claim 1, further comprising automated feature selection step #33.",Telecommunications & Wireless Networks,H04W 84/12,"Wireless local area networks, Wi-Fi protocols, 5G/6G cellular transmission"
US11848234B2,Systolic Array Architecture for Low-Power Deep Neural Network Matrix Multiplication (Spec #040 - Ref_931),A hardware accelerator chip comprising an array of processing elements configured to execute parallel matrix-vector multiplications for artificial neural networks. Section iteration 40 validates scalability across distributed node clusters and low-power hardware.,"1. An integrated circuit comprising an array of digital signal processors, on-chip SRAM weight buffers, and control logic executing neural network layers. 2. The system of claim 1, further comprising automated feature selection step #40.",Artificial Intelligence & Machine Learning,G06N 3/02,"Neural network hardware architectures, artificial neural networks, computing chips"
US11849721B2,Liposomal Pharmaceutical Suspension for Enhanced Bioavailability and Transdermal Delivery (Spec #035 - Ref_330),A pharmaceutical composition comprising active therapeutic compounds encapsulated within micro-polymeric matrices designed for extended systemic absorption. Section iteration 35 validates scalability across distributed node clusters and low-power hardware.,"1. A pharmaceutical composition comprising a therapeutic active ingredient encapsulated within solid lipid nanoparticles and a pharmaceutically acceptable carrier. 2. The system of claim 1, further comprising automated feature selection step #35.",Pharmaceuticals & Medicinal Chemistry,A61K 31/00,"Pharmaceutical preparations, medicinal compounds, controlled release formulations"
US11851236B2,3D FinFET Transistor Fabrication Process Featuring Gate-All-Around Architecture (Spec #031 - Ref_319),A process for depositing high-k dielectric layers on silicon substrates using atomic layer deposition chambers with precise precursor gas pulses. Section iteration 31 validates scalability across distributed node clusters and low-power hardware.,"1. A method of manufacturing a semiconductor device comprising forming fin structures on a silicon substrate, depositing gate dielectrics, and etching gate electrodes. 2. The system of claim 1, further comprising automated feature selection step #31.",Semiconductors & Integrated Circuits,H01L 21/00,"Semiconductor device fabrication, lithography, integrated circuit processing"
US11851898B2,Predictive Patient Monitoring Architecture Using Machine Learning Vital Sign Fusion (Spec #013 - Ref_154),"A health telemetry processing platform comprising wearable patient sensors, cloud data ingest engines, and machine learning models trained on physiological time-series. Section iteration 13 validates scalability across distributed node clusters and low-power hardware.","1. A patient monitoring system comprising biosensor telemetry inputs, anomaly detection software algorithms, and automated clinical notification modules. 2. The system of claim 1, further comprising automated feature selection step #13.",Software & Distributed Systems,G16H 50/20,"Healthcare data processing, AI medical decision support, clinical analytics"
US11850298B2,Autonomous Vehicle Lane Keeping Assistance and Automated Steering Controller (Spec #005 - Ref_938),A computerized vehicle guidance system utilizing high-definition maps and real-time sensor streams to navigate complex intersections autonomously. Section iteration 5 validates scalability across distributed node clusters and low-power hardware.,"1. An automated vehicle control system comprising lateral steering controllers, longitudinal speed managers, and sensor fusion modules. 2. The system of claim 1, further comprising automated feature selection step #5.",Automotive & Autonomous Vehicles,B60W 30/00,"Autonomous vehicle guidance, driver assistance, automated steering control"
US11850551B2,Vehicle Trajectory Planning Computer Based on Real-Time LIDAR Point Cloud Processing (Spec #039 - Ref_908),"An autonomous vehicle control system integrating front-facing camera feeds, radar ranging data, and wheel speed telemetry to execute collision mitigation maneuvers. Section iteration 39 validates scalability across distributed node clusters and low-power hardware.","1. An autonomous vehicle guidance system comprising a LIDAR sensor, a camera processor, and an electronic control unit configured to actuate steering and braking systems. 2. The system of claim 1, further comprising automated feature selection step #39.",Automotive & Autonomous Vehicles,B60W 30/00,"Autonomous vehicle guidance, driver assistance, automated steering control"
US11850694B2,Microfluidic Biochip Diagnostic Sensor for Rapid Immunoassay Target Detection (Spec #008 - Ref_826),A portable medical diagnostic device comprising electrochemical sensor strips and micro-controller circuitry calibrated for rapid analyte concentration measurement. Section iteration 8 validates scalability across distributed node clusters and low-power hardware.,"1. A diagnostic biosensor device comprising a sample inlet, microfluidic reaction channels containing immobilised capture probes, and an optical photodetector. 2. The system of claim 1, further comprising automated feature selection step #8.",Medical Devices & Healthcare Technology,G01N 33/50,"Biological assay testing, biosensors, chemical analysis diagnostic devices"
US11849083B2,Autonomous Flight Trajectory Control System for Multi-Rotor Unmanned Aerial Vehicles (Spec #001 - Ref_424),Avionics control architectures for autonomous quadcopter UAV drones featuring real-time altitude telemetry sensor fusion and dynamic trajectory optimization. Section iteration 1 validates scalability across distributed node clusters and low-power hardware.,"1. An aerial drone navigation apparatus comprising obstacle detection sensors, wireless telemetry links, and trajectory planning algorithms. 2. The system of claim 1, further comprising automated feature selection step #1.",Aerospace & Drone Avionics,B64C 39/02,"Unmanned aerial vehicles, quadcopter drone flight control, rotor craft"
US11850076B2,Dynamic Channel Allocation Protocol for 5G Millimeter Wave Base Stations (Spec #030 - Ref_449),Wireless communication architectures for multi-user MIMO access points configured to optimize beamforming weights and channel bandwidth allocation in dense Wi-Fi environments. Section iteration 30 validates scalability across distributed node clusters and low-power hardware.,"1. A wireless access point comprising a MAC layer controller, packet scheduling logic, and physical layer modems supporting high-throughput quadrature amplitude modulation. 2. The system of claim 1, further comprising automated feature selection step #30.",Telecommunications & Wireless Networks,H04W 84/12,"Wireless local area networks, Wi-Fi protocols, 5G/6G cellular transmission"
US11849230B2,Dynamic Aerodynamic Thrust Control System for Quadcopter Aerial Drones (Spec #019 - Ref_248),Avionics control architectures for autonomous quadcopter UAV drones featuring real-time altitude telemetry sensor fusion and dynamic trajectory optimization. Section iteration 19 validates scalability across distributed node clusters and low-power hardware.,"1. A UAV flight stabilization system comprising an inertial measurement unit, GPS positioning receivers, and electronic motor speed controllers. 2. The system of claim 1, further comprising automated feature selection step #19.",Aerospace & Drone Avionics,B64C 39/02,"Unmanned aerial vehicles, quadcopter drone flight control, rotor craft"
US11849797B2,Controlled Release Pharmaceutical Oral Dosage Form Comprising Solid Lipid Nanoparticles (Spec #047 - Ref_802),A pharmaceutical composition comprising active therapeutic compounds encapsulated within micro-polymeric matrices designed for extended systemic absorption. Section iteration 47 validates scalability across distributed node clusters and low-power hardware.,"1. An oral drug delivery system comprising an active medicinal compound, a bioadhesive polymer coat, and a pH-dependent enteric release layer. 2. The system of claim 1, further comprising automated feature selection step #47.",Pharmaceuticals & Medicinal Chemistry,A61K 31/00,"Pharmaceutical preparations, medicinal compounds, controlled release formulations"
US11847740B2,Supervised Machine Learning Classifier with Dynamic Loss Function Optimization (Spec #027 - Ref_644),"A computer-implemented system configured to receive input feature vectors, apply dimensionality reduction, and evaluate statistical classifier loss metrics. Section iteration 27 validates scalability across distributed node clusters and low-power hardware.","1. A pattern recognition system comprising a data processor, memory storing a machine learning classifier model, and instructions to evaluate probability distributions over feature spaces. 2. The system of claim 1, further comprising automated feature selection step #27.",Artificial Intelligence & Machine Learning,G06F 18/20,"Pattern recognition, machine learning classifiers, statistical feature extraction"
US11848886B2,Multiplexed Guide RNA Gene Delivery Architecture for Therapeutic Endonuclease Expression (Spec #022 - Ref_236),Recombinant genetic vectors comprising synthetic promoter regions and ribosomal binding sites engineered for elevated recombinant protein expression. Section iteration 22 validates scalability across distributed node clusters and low-power hardware.,"1. A synthetic genetic construct comprising a therapeutic nucleotide sequence linked to an inducible promoter and viral packaging signals. 2. The system of claim 1, further comprising automated feature selection step #22.",Biotechnology & Genomics,C12N 15/09,"Recombinant DNA technology, genetic engineering vectors, nucleic acid mutation"
US11851760B2,Semantic Image Segmentation Architecture for High-Resolution Medical Scans (Spec #044 - Ref_577),"Computer vision methods and systems for segmenting digital video frames, bounding detected objects, and computing feature trajectories using deep neural networks. Section iteration 44 validates scalability across distributed node clusters and low-power hardware.","1. An image processing method comprising receiving digital video frames, computing optical flow vectors, and generating object bounding box coordinates. 2. The system of claim 1, further comprising automated feature selection step #44.",Computer Vision & Image Processing,G06T 7/00,"Computer vision, image segmentation, pattern analysis, video stream processing"
US11851803B2,Clinical Artificial Intelligence Decision Support Platform for Patient Outcome Prediction (Spec #002 - Ref_494),"A health telemetry processing platform comprising wearable patient sensors, cloud data ingest engines, and machine learning models trained on physiological time-series. Section iteration 2 validates scalability across distributed node clusters and low-power hardware.","1. A medical decision support apparatus comprising memory storing patient health records, clinical guideline rule engines, and machine learning risk scoring processors. 2. The system of claim 1, further comprising automated feature selection step #2.",Software & Distributed Systems,G16H 50/20,"Healthcare data processing, AI medical decision support, clinical analytics"
US11851404B2,Semantic Image Segmentation Architecture for High-Resolution Medical Scans (Spec #004 - Ref_748),"An image processing system configured to receive multi-camera video streams, apply stereoscopic correspondence algorithms, and construct 3D point cloud representations. Section iteration 4 validates scalability across distributed node clusters and low-power hardware.","1. A computer vision system comprising an image sensor, a GPU frame processor, and software modules configured to segment image frames and classify detected objects. 2. The system of claim 1, further comprising automated feature selection step #4.",Computer Vision & Image Processing,G06T 7/00,"Computer vision, image segmentation, pattern analysis, video stream processing"
US11847929B2,Hardware Inference Accelerator with Quantized Neural Network Processing Units (Spec #001 - Ref_635),A hardware accelerator chip comprising an array of processing elements configured to execute parallel matrix-vector multiplications for artificial neural networks. Section iteration 1 validates scalability across distributed node clusters and low-power hardware.,"1. An integrated circuit comprising an array of digital signal processors, on-chip SRAM weight buffers, and control logic executing neural network layers. 2. The system of claim 1, further comprising automated feature selection step #1.",Artificial Intelligence & Machine Learning,G06N 3/02,"Neural network hardware architectures, artificial neural networks, computing chips"
US11851392B2,Semantic Image Segmentation Architecture for High-Resolution Medical Scans (Spec #002 - Ref_265),"An image processing system configured to receive multi-camera video streams, apply stereoscopic correspondence algorithms, and construct 3D point cloud representations. Section iteration 2 validates scalability across distributed node clusters and low-power hardware.","1. A 3D vision system comprising stereoscopic cameras, depth map calculation units, and point cloud feature extraction processors. 2. The system of claim 1, further comprising automated feature selection step #2.",Computer Vision & Image Processing,G06T 7/00,"Computer vision, image segmentation, pattern analysis, video stream processing"
US11849917B2,Adaptive Modulation and Coding Scheme for High-Density Wi-Fi Access Points (Spec #009 - Ref_317),Methods and apparatus for dynamic radio spectrum management across 5G cellular base stations to minimize co-channel interference and packet loss. Section iteration 9 validates scalability across distributed node clusters and low-power hardware.,"1. A wireless communication device comprising a multi-antenna array, a radio frequency transceiver, and a baseband processor configured to generate beamforming spatial weights. 2. The system of claim 1, further comprising automated feature selection step #9.",Telecommunications & Wireless Networks,H04W 84/12,"Wireless local area networks, Wi-Fi protocols, 5G/6G cellular transmission"
US11851079B2,High-Density Through-Silicon Via (TSV) Interconnect Fabrication Protocol (Spec #014 - Ref_700),"Integrated circuit manufacturing tools comprising wafer positioning stages, chemical slurry dispensers, and optical endpoint detection sensors for planarization. Section iteration 14 validates scalability across distributed node clusters and low-power hardware.","1. An integrated circuit fabrication process comprising etching through-silicon vias, depositing barrier metal layers, and electroplating copper interconnects. 2. The system of claim 1, further comprising automated feature selection step #14.",Semiconductors & Integrated Circuits,H01L 21/00,"Semiconductor device fabrication, lithography, integrated circuit processing"
US11850914B2,Electrochemical Biosensor Cartridge for Quantitative Blood Glucose and Biomarker Measurement (Spec #039 - Ref_934),Diagnostic biosensor platforms comprising microfluidic reaction channels and immobilised antibodies configured for quantitative optical fluorescence immunoassay analysis. Section iteration 39 validates scalability across distributed node clusters and low-power hardware.,"1. An electrochemical assay cartridge comprising working and reference electrodes coated with enzymatic reagent layers and readout electronics. 2. The system of claim 1, further comprising automated feature selection step #39.",Medical Devices & Healthcare Technology,G01N 33/50,"Biological assay testing, biosensors, chemical analysis diagnostic devices"
US11848850B2,Engineered Viral Vector for High-Precision Genomic Sequence Insertion (Spec #019 - Ref_688),Recombinant genetic vectors comprising synthetic promoter regions and ribosomal binding sites engineered for elevated recombinant protein expression. Section iteration 19 validates scalability across distributed node clusters and low-power hardware.,"1. A synthetic genetic construct comprising a therapeutic nucleotide sequence linked to an inducible promoter and viral packaging signals. 2. The system of claim 1, further comprising automated feature selection step #19.",Biotechnology & Genomics,C12N 15/09,"Recombinant DNA technology, genetic engineering vectors, nucleic acid mutation"
US11848478B2,Elliptic Curve Cryptographic Authentication Scheme for Distributed Microservice APIs (Spec #024 - Ref_371),A decentralized blockchain protocol configured to validate digital transaction blocks using multi-signature cryptographic schemes. Section iteration 24 validates scalability across distributed node clusters and low-power hardware.,"1. A computer-implemented method comprising generating zero-knowledge proof tokens, verifying public key hashes, and validating transaction blocks across a peer-to-peer network. 2. The system of claim 1, further comprising automated feature selection step #24.","Cryptography, Cybersecurity & Blockchain",H04L 9/32,"Digital signatures, message authentication, cryptographic security protocols"
US11849610B2,Sustained-Release Pharmaceutical Matrix Formulated with Hydrophilic Polymer Excipients (Spec #021 - Ref_113),A pharmaceutical composition comprising active therapeutic compounds encapsulated within micro-polymeric matrices designed for extended systemic absorption. Section iteration 21 validates scalability across distributed node clusters and low-power hardware.,"1. An oral drug delivery system comprising an active medicinal compound, a bioadhesive polymer coat, and a pH-dependent enteric release layer. 2. The system of claim 1, further comprising automated feature selection step #21.",Pharmaceuticals & Medicinal Chemistry,A61K 31/00,"Pharmaceutical preparations, medicinal compounds, controlled release formulations"
US11851608B2,Real-Time Video Object Detection and Tracking System Using Deep Convolutional Networks (Spec #027 - Ref_163),"Automated optical inspection systems utilizing high-resolution image sensors, spatial filtering algorithms, and pattern matching models to detect surface defects. Section iteration 27 validates scalability across distributed node clusters and low-power hardware.","1. An image processing method comprising receiving digital video frames, computing optical flow vectors, and generating object bounding box coordinates. 2. The system of claim 1, further comprising automated feature selection step #27.",Computer Vision & Image Processing,G06T 7/00,"Computer vision, image segmentation, pattern analysis, video stream processing"
US11849280B2,Autonomous Vertical Takeoff and Landing (VTOL) Flight Control Computer (Spec #026 - Ref_902),An autonomous unmanned aircraft system utilizing LIDAR and ultrasonic range sensors to navigate complex urban airspace while avoiding static and dynamic obstacles. Section iteration 26 validates scalability across distributed node clusters and low-power hardware.,"1. An autonomous unmanned aerial vehicle comprising a flight control processor, rotor actuators, and sensors configured to compute dynamic aerodynamic trajectories. 2. The system of claim 1, further comprising automated feature selection step #26.",Aerospace & Drone Avionics,B64C 39/02,"Unmanned aerial vehicles, quadcopter drone flight control, rotor craft"
US11851622B2,Edge Detection and Boundary Tracking System for Industrial Automated Inspection (Spec #029 - Ref_861),"Automated optical inspection systems utilizing high-resolution image sensors, spatial filtering algorithms, and pattern matching models to detect surface defects. Section iteration 29 validates scalability across distributed node clusters and low-power hardware.","1. An image processing method comprising receiving digital video frames, computing optical flow vectors, and generating object bounding box coordinates. 2. The system of claim 1, further comprising automated feature selection step #29.",Computer Vision & Image Processing,G06T 7/00,"Computer vision, image segmentation, pattern analysis, video stream processing"
US11850303B2,Adaptive Cruise Control Architecture for Autonomous Automobile Platooning (Spec #006 - Ref_734),"An autonomous vehicle control system integrating front-facing camera feeds, radar ranging data, and wheel speed telemetry to execute collision mitigation maneuvers. Section iteration 6 validates scalability across distributed node clusters and low-power hardware.","1. An automated vehicle control system comprising lateral steering controllers, longitudinal speed managers, and sensor fusion modules. 2. The system of claim 1, further comprising automated feature selection step #6.",Automotive & Autonomous Vehicles,B60W 30/00,"Autonomous vehicle guidance, driver assistance, automated steering control"
US11850369B2,Vehicle Trajectory Planning Computer Based on Real-Time LIDAR Point Cloud Processing (Spec #013 - Ref_725),A computerized vehicle guidance system utilizing high-definition maps and real-time sensor streams to navigate complex intersections autonomously. Section iteration 13 validates scalability across distributed node clusters and low-power hardware.,"1. An automated vehicle control system comprising lateral steering controllers, longitudinal speed managers, and sensor fusion modules. 2. The system of claim 1, further comprising automated feature selection step #13.",Automotive & Autonomous Vehicles,B60W 30/00,"Autonomous vehicle guidance, driver assistance, automated steering control"
US11849106B2,Autonomous Flight Trajectory Control System for Multi-Rotor Unmanned Aerial Vehicles (Spec #005 - Ref_678),A flight control computer configured to adjust multi-rotor motor speeds based on Kalman-filtered inertial measurement unit data. Section iteration 5 validates scalability across distributed node clusters and low-power hardware.,"1. An aerial drone navigation apparatus comprising obstacle detection sensors, wireless telemetry links, and trajectory planning algorithms. 2. The system of claim 1, further comprising automated feature selection step #5.",Aerospace & Drone Avionics,B64C 39/02,"Unmanned aerial vehicles, quadcopter drone flight control, rotor craft"
US11850100B2,Ultra-Low Latency Wireless Packet Transmission Architecture for OFDM Networks (Spec #032 - Ref_578),Wireless communication architectures for multi-user MIMO access points configured to optimize beamforming weights and channel bandwidth allocation in dense Wi-Fi environments. Section iteration 32 validates scalability across distributed node clusters and low-power hardware.,"1. A wireless access point comprising a MAC layer controller, packet scheduling logic, and physical layer modems supporting high-throughput quadrature amplitude modulation. 2. The system of claim 1, further comprising automated feature selection step #32.",Telecommunications & Wireless Networks,H04W 84/12,"Wireless local area networks, Wi-Fi protocols, 5G/6G cellular transmission"
US11852160B2,Cloud-Based Healthcare Analytics System for Personalized Treatment Recommendation (Spec #049 - Ref_835),"A health telemetry processing platform comprising wearable patient sensors, cloud data ingest engines, and machine learning models trained on physiological time-series. Section iteration 49 validates scalability across distributed node clusters and low-power hardware.","1. A healthcare data processing system comprising a clinical database interface, a natural language processing module, and predictive risk calculation models. 2. The system of claim 1, further comprising automated feature selection step #49.",Software & Distributed Systems,G16H 50/20,"Healthcare data processing, AI medical decision support, clinical analytics"
US11848673B2,Distributed Ledger Transaction Validation Protocol Using Digital Signature Aggregation (Spec #047 - Ref_294),A cryptographic security framework utilizing zero-knowledge proof primitives and elliptic curve digital signatures for decentralized token verification across public ledgers. Section iteration 47 validates scalability across distributed node clusters and low-power hardware.,"1. A computer-implemented method comprising generating zero-knowledge proof tokens, verifying public key hashes, and validating transaction blocks across a peer-to-peer network. 2. The system of claim 1, further comprising automated feature selection step #47.","Cryptography, Cybersecurity & Blockchain",H04L 9/32,"Digital signatures, message authentication, cryptographic security protocols"
US11848904B2,Multiplexed Guide RNA Gene Delivery Architecture for Therapeutic Endonuclease Expression (Spec #026 - Ref_494),Synthetic nucleic acid constructs encoding Cas endonuclease proteins and guide RNA sequences for high-efficiency eukaryotic genome modification. Section iteration 26 validates scalability across distributed node clusters and low-power hardware.,"1. An engineered DNA vector comprising an expression cassette, a selectable marker gene, and site-specific recombination target sequences. 2. The system of claim 1, further comprising automated feature selection step #26.",Biotechnology & Genomics,C12N 15/09,"Recombinant DNA technology, genetic engineering vectors, nucleic acid mutation"
US11848469B2,Distributed Ledger Transaction Validation Protocol Using Digital Signature Aggregation (Spec #023 - Ref_902),Methods for establishing secure mutual authentication between distributed network nodes using zero-knowledge identity assertions and cryptographic key exchange. Section iteration 23 validates scalability across distributed node clusters and low-power hardware.,"1. A cryptographic authentication system comprising key generation modules, signature verification processors, and zero-knowledge proof verification algorithms. 2. The system of claim 1, further comprising automated feature selection step #23.","Cryptography, Cybersecurity & Blockchain",H04L 9/32,"Digital signatures, message authentication, cryptographic security protocols"
US11848462B2,Post-Quantum Public Key Cryptographic Infrastructure for Network Authentication (Spec #022 - Ref_453),Methods for establishing secure mutual authentication between distributed network nodes using zero-knowledge identity assertions and cryptographic key exchange. Section iteration 22 validates scalability across distributed node clusters and low-power hardware.,"1. A secure transaction verification system comprising memory storing private cryptographic keys, token hashing logic, and distributed consensus validation protocols. 2. The system of claim 1, further comprising automated feature selection step #22.","Cryptography, Cybersecurity & Blockchain",H04L 9/32,"Digital signatures, message authentication, cryptographic security protocols"
US11849449B2,Autonomous Flight Trajectory Control System for Multi-Rotor Unmanned Aerial Vehicles (Spec #047 - Ref_605),A flight control computer configured to adjust multi-rotor motor speeds based on Kalman-filtered inertial measurement unit data. Section iteration 47 validates scalability across distributed node clusters and low-power hardware.,"1. A UAV flight stabilization system comprising an inertial measurement unit, GPS positioning receivers, and electronic motor speed controllers. 2. The system of claim 1, further comprising automated feature selection step #47.",Aerospace & Drone Avionics,B64C 39/02,"Unmanned aerial vehicles, quadcopter drone flight control, rotor craft"
US11849043B2,Multiplexed Guide RNA Gene Delivery Architecture for Therapeutic Endonuclease Expression (Spec #045 - Ref_967),"Genetic engineering constructs and recombinant DNA vectors optimized for targeted nucleotide cleavage, genomic sequence editing, and gene expression modulation. Section iteration 45 validates scalability across distributed node clusters and low-power hardware.","1. An engineered DNA vector comprising an expression cassette, a selectable marker gene, and site-specific recombination target sequences. 2. The system of claim 1, further comprising automated feature selection step #45.",Biotechnology & Genomics,C12N 15/09,"Recombinant DNA technology, genetic engineering vectors, nucleic acid mutation"
US11848333B2,Post-Quantum Public Key Cryptographic Infrastructure for Network Authentication (Spec #004 - Ref_451),Methods for establishing secure mutual authentication between distributed network nodes using zero-knowledge identity assertions and cryptographic key exchange. Section iteration 4 validates scalability across distributed node clusters and low-power hardware.,"1. A cryptographic authentication system comprising key generation modules, signature verification processors, and zero-knowledge proof verification algorithms. 2. The system of claim 1, further comprising automated feature selection step #4.","Cryptography, Cybersecurity & Blockchain",H04L 9/32,"Digital signatures, message authentication, cryptographic security protocols"
US11848448B2,Post-Quantum Public Key Cryptographic Infrastructure for Network Authentication (Spec #018 - Ref_388),Methods for establishing secure mutual authentication between distributed network nodes using zero-knowledge identity assertions and cryptographic key exchange. Section iteration 18 validates scalability across distributed node clusters and low-power hardware.,"1. A computer-implemented method comprising generating zero-knowledge proof tokens, verifying public key hashes, and validating transaction blocks across a peer-to-peer network. 2. The system of claim 1, further comprising automated feature selection step #18.","Cryptography, Cybersecurity & Blockchain",H04L 9/32,"Digital signatures, message authentication, cryptographic security protocols"
US11849685B2,Therapeutic Small Molecule Inhibitor Composition for Targeted Enzyme Binding (Spec #032 - Ref_811),A pharmaceutical composition comprising active therapeutic compounds encapsulated within micro-polymeric matrices designed for extended systemic absorption. Section iteration 32 validates scalability across distributed node clusters and low-power hardware.,"1. A pharmaceutical composition comprising a therapeutic active ingredient encapsulated within solid lipid nanoparticles and a pharmaceutically acceptable carrier. 2. The system of claim 1, further comprising automated feature selection step #32.",Pharmaceuticals & Medicinal Chemistry,A61K 31/00,"Pharmaceutical preparations, medicinal compounds, controlled release formulations"
US11851432B2,Semantic Image Segmentation Architecture for High-Resolution Medical Scans (Spec #007 - Ref_786),"Automated optical inspection systems utilizing high-resolution image sensors, spatial filtering algorithms, and pattern matching models to detect surface defects. Section iteration 7 validates scalability across distributed node clusters and low-power hardware.","1. An image processing method comprising receiving digital video frames, computing optical flow vectors, and generating object bounding box coordinates. 2. The system of claim 1, further comprising automated feature selection step #7.",Computer Vision & Image Processing,G06T 7/00,"Computer vision, image segmentation, pattern analysis, video stream processing"
US11849555B2,Controlled Release Pharmaceutical Oral Dosage Form Comprising Solid Lipid Nanoparticles (Spec #013 - Ref_937),"Therapeutic pharmaceutical formulations comprising lipid nanoparticle carriers for enhanced bioavailability, controlled gastric dissolution, and targeted active ingredient release. Section iteration 13 validates scalability across distributed node clusters and low-power hardware.","1. A therapeutic formulation comprising effective amounts of an enzymatic inhibitor compound combined with stabilizing excipient salts. 2. The system of claim 1, further comprising automated feature selection step #13.",Pharmaceuticals & Medicinal Chemistry,A61K 31/00,"Pharmaceutical preparations, medicinal compounds, controlled release formulations"
US11849076B2,Synthetic Messenger RNA Construct with Enhanced Ribosomal Translation Efficiency (Spec #049 - Ref_196),Synthetic nucleic acid constructs encoding Cas endonuclease proteins and guide RNA sequences for high-efficiency eukaryotic genome modification. Section iteration 49 validates scalability across distributed node clusters and low-power hardware.,"1. An engineered DNA vector comprising an expression cassette, a selectable marker gene, and site-specific recombination target sequences. 2. The system of claim 1, further comprising automated feature selection step #49.",Biotechnology & Genomics,C12N 15/09,"Recombinant DNA technology, genetic engineering vectors, nucleic acid mutation"
US11848141B2,Systolic Array Architecture for Low-Power Deep Neural Network Matrix Multiplication (Spec #028 - Ref_451),A hardware accelerator chip comprising an array of processing elements configured to execute parallel matrix-vector multiplications for artificial neural networks. Section iteration 28 validates scalability across distributed node clusters and low-power hardware.,"1. A hardware accelerator chip comprising a matrix multiplication unit, activation function logic, and high-bandwidth memory interfaces configured for neural network inference. 2. The system of claim 1, further comprising automated feature selection step #28.",Artificial Intelligence & Machine Learning,G06N 3/02,"Neural network hardware architectures, artificial neural networks, computing chips"
US11852161B2,Electronic Health Record NLP Analytics Engine for Automated Clinical Coding (Spec #050 - Ref_254),Methods for analyzing unstructured clinical progress notes using natural language processing to extract diagnostic codes and recommend therapeutic interventions. Section iteration 50 validates scalability across distributed node clusters and low-power hardware.,"1. A healthcare data processing system comprising a clinical database interface, a natural language processing module, and predictive risk calculation models. 2. The system of claim 1, further comprising automated feature selection step #50.",Software & Distributed Systems,G16H 50/20,"Healthcare data processing, AI medical decision support, clinical analytics"
US11850433B2,Predictive Emergency Braking System for Electric Vehicles Using Radar Sensor Fusion (Spec #020 - Ref_335),Advanced driver assistance systems for electric vehicles comprising sensor fusion processors configured to compute dynamic vehicle trajectories and actuate automated steering. Section iteration 20 validates scalability across distributed node clusters and low-power hardware.,"1. A vehicle safety apparatus comprising radar ranging sensors, brake actuators, and dynamic collision risk prediction software. 2. The system of claim 1, further comprising automated feature selection step #20.",Automotive & Autonomous Vehicles,B60W 30/00,"Autonomous vehicle guidance, driver assistance, automated steering control"
US11849838B2,Radio Frequency Carrier Aggregation Controller for Cellular Data Streams (Spec #001 - Ref_194),Methods and apparatus for dynamic radio spectrum management across 5G cellular base stations to minimize co-channel interference and packet loss. Section iteration 1 validates scalability across distributed node clusters and low-power hardware.,"1. A wireless access point comprising a MAC layer controller, packet scheduling logic, and physical layer modems supporting high-throughput quadrature amplitude modulation. 2. The system of claim 1, further comprising automated feature selection step #1.",Telecommunications & Wireless Networks,H04W 84/12,"Wireless local area networks, Wi-Fi protocols, 5G/6G cellular transmission"
US11848776B2,Recombinant Plasmid Vector for Targeted CRISPR-Cas9 Gene Editing Assays (Spec #010 - Ref_569),"Genetic engineering constructs and recombinant DNA vectors optimized for targeted nucleotide cleavage, genomic sequence editing, and gene expression modulation. Section iteration 10 validates scalability across distributed node clusters and low-power hardware.","1. An engineered DNA vector comprising an expression cassette, a selectable marker gene, and site-specific recombination target sequences. 2. The system of claim 1, further comprising automated feature selection step #10.",Biotechnology & Genomics,C12N 15/09,"Recombinant DNA technology, genetic engineering vectors, nucleic acid mutation"
US11850505B2,Predictive Emergency Braking System for Electric Vehicles Using Radar Sensor Fusion (Spec #031 - Ref_628),Advanced driver assistance systems for electric vehicles comprising sensor fusion processors configured to compute dynamic vehicle trajectories and actuate automated steering. Section iteration 31 validates scalability across distributed node clusters and low-power hardware.,"1. A vehicle safety apparatus comprising radar ranging sensors, brake actuators, and dynamic collision risk prediction software. 2. The system of claim 1, further comprising automated feature selection step #31.",Automotive & Autonomous Vehicles,B60W 30/00,"Autonomous vehicle guidance, driver assistance, automated steering control"
US11848790B2,Multiplexed Guide RNA Gene Delivery Architecture for Therapeutic Endonuclease Expression (Spec #011 - Ref_245),"Genetic engineering constructs and recombinant DNA vectors optimized for targeted nucleotide cleavage, genomic sequence editing, and gene expression modulation. Section iteration 11 validates scalability across distributed node clusters and low-power hardware.","1. A synthetic genetic construct comprising a therapeutic nucleotide sequence linked to an inducible promoter and viral packaging signals. 2. The system of claim 1, further comprising automated feature selection step #11.",Biotechnology & Genomics,C12N 15/09,"Recombinant DNA technology, genetic engineering vectors, nucleic acid mutation"
US11851522B2,Semantic Image Segmentation Architecture for High-Resolution Medical Scans (Spec #016 - Ref_402),"Automated optical inspection systems utilizing high-resolution image sensors, spatial filtering algorithms, and pattern matching models to detect surface defects. Section iteration 16 validates scalability across distributed node clusters and low-power hardware.","1. A computer vision system comprising an image sensor, a GPU frame processor, and software modules configured to segment image frames and classify detected objects. 2. The system of claim 1, further comprising automated feature selection step #16.",Computer Vision & Image Processing,G06T 7/00,"Computer vision, image segmentation, pattern analysis, video stream processing"
US11851373B2,3D FinFET Transistor Fabrication Process Featuring Gate-All-Around Architecture (Spec #048 - Ref_453),"Integrated circuit manufacturing tools comprising wafer positioning stages, chemical slurry dispensers, and optical endpoint detection sensors for planarization. Section iteration 48 validates scalability across distributed node clusters and low-power hardware.","1. A semiconductor processing chamber comprising gas distribution showerheads, plasma generation electrodes, and vacuum exhaust systems. 2. The system of claim 1, further comprising automated feature selection step #48.",Semiconductors & Integrated Circuits,H01L 21/00,"Semiconductor device fabrication, lithography, integrated circuit processing"
US11849534B2,Controlled Release Pharmaceutical Oral Dosage Form Comprising Solid Lipid Nanoparticles (Spec #011 - Ref_828),Novel medicinal formulations comprising organic therapeutic inhibitors combined with pharmaceutically acceptable excipients to achieve controlled therapeutic dosage profiles. Section iteration 11 validates scalability across distributed node clusters and low-power hardware.,"1. A therapeutic formulation comprising effective amounts of an enzymatic inhibitor compound combined with stabilizing excipient salts. 2. The system of claim 1, further comprising automated feature selection step #11.",Pharmaceuticals & Medicinal Chemistry,A61K 31/00,"Pharmaceutical preparations, medicinal compounds, controlled release formulations"
US11849264B2,Dynamic Aerodynamic Thrust Control System for Quadcopter Aerial Drones (Spec #024 - Ref_993),An autonomous unmanned aircraft system utilizing LIDAR and ultrasonic range sensors to navigate complex urban airspace while avoiding static and dynamic obstacles. Section iteration 24 validates scalability across distributed node clusters and low-power hardware.,"1. An aerial drone navigation apparatus comprising obstacle detection sensors, wireless telemetry links, and trajectory planning algorithms. 2. The system of claim 1, further comprising automated feature selection step #24.",Aerospace & Drone Avionics,B64C 39/02,"Unmanned aerial vehicles, quadcopter drone flight control, rotor craft"
US11850192B2,Ultra-Low Latency Wireless Packet Transmission Architecture for OFDM Networks (Spec #043 - Ref_581),Wireless communication architectures for multi-user MIMO access points configured to optimize beamforming weights and channel bandwidth allocation in dense Wi-Fi environments. Section iteration 43 validates scalability across distributed node clusters and low-power hardware.,"1. A cellular transmission system comprising base station controllers, channel state feedback analyzers, and adaptive power control circuits. 2. The system of claim 1, further comprising automated feature selection step #43.",Telecommunications & Wireless Networks,H04W 84/12,"Wireless local area networks, Wi-Fi protocols, 5G/6G cellular transmission"
US11851107B2,High-Density Through-Silicon Via (TSV) Interconnect Fabrication Protocol (Spec #017 - Ref_392),A process for depositing high-k dielectric layers on silicon substrates using atomic layer deposition chambers with precise precursor gas pulses. Section iteration 17 validates scalability across distributed node clusters and low-power hardware.,"1. An integrated circuit fabrication process comprising etching through-silicon vias, depositing barrier metal layers, and electroplating copper interconnects. 2. The system of claim 1, further comprising automated feature selection step #17.",Semiconductors & Integrated Circuits,H01L 21/00,"Semiconductor device fabrication, lithography, integrated circuit processing"
US11849621B2,Sustained-Release Pharmaceutical Matrix Formulated with Hydrophilic Polymer Excipients (Spec #022 - Ref_730),Novel medicinal formulations comprising organic therapeutic inhibitors combined with pharmaceutically acceptable excipients to achieve controlled therapeutic dosage profiles. Section iteration 22 validates scalability across distributed node clusters and low-power hardware.,"1. A pharmaceutical composition comprising a therapeutic active ingredient encapsulated within solid lipid nanoparticles and a pharmaceutically acceptable carrier. 2. The system of claim 1, further comprising automated feature selection step #22.",Pharmaceuticals & Medicinal Chemistry,A61K 31/00,"Pharmaceutical preparations, medicinal compounds, controlled release formulations"
US11849675B2,Nanoparticulate Drug Delivery Carrier for Targeted Active Ingredient Release (Spec #030 - Ref_975),"Therapeutic pharmaceutical formulations comprising lipid nanoparticle carriers for enhanced bioavailability, controlled gastric dissolution, and targeted active ingredient release. Section iteration 30 validates scalability across distributed node clusters and low-power hardware.","1. A pharmaceutical composition comprising a therapeutic active ingredient encapsulated within solid lipid nanoparticles and a pharmaceutically acceptable carrier. 2. The system of claim 1, further comprising automated feature selection step #30.",Pharmaceuticals & Medicinal Chemistry,A61K 31/00,"Pharmaceutical preparations, medicinal compounds, controlled release formulations"
US11849676B2,Liposomal Pharmaceutical Suspension for Enhanced Bioavailability and Transdermal Delivery (Spec #031 - Ref_343),A pharmaceutical composition comprising active therapeutic compounds encapsulated within micro-polymeric matrices designed for extended systemic absorption. Section iteration 31 validates scalability across distributed node clusters and low-power hardware.,"1. An oral drug delivery system comprising an active medicinal compound, a bioadhesive polymer coat, and a pH-dependent enteric release layer. 2. The system of claim 1, further comprising automated feature selection step #31.",Pharmaceuticals & Medicinal Chemistry,A61K 31/00,"Pharmaceutical preparations, medicinal compounds, controlled release formulations"
US11852033B2,Predictive Patient Monitoring Architecture Using Machine Learning Vital Sign Fusion (Spec #033 - Ref_842),"Computer-implemented clinical decision support platforms configured to aggregate electronic health records, extract clinical parameters using NLP, and predict adverse events. Section iteration 33 validates scalability across distributed node clusters and low-power hardware.","1. A medical decision support apparatus comprising memory storing patient health records, clinical guideline rule engines, and machine learning risk scoring processors. 2. The system of claim 1, further comprising automated feature selection step #33.",Software & Distributed Systems,G16H 50/20,"Healthcare data processing, AI medical decision support, clinical analytics"
US11850725B2,Electrochemical Biosensor Cartridge for Quantitative Blood Glucose and Biomarker Measurement (Spec #014 - Ref_233),"A microfluidic biochip system featuring capillary fluidic channels, reagent storage reservoirs, and integrated photodiode detection arrays. Section iteration 14 validates scalability across distributed node clusters and low-power hardware.","1. An electrochemical assay cartridge comprising working and reference electrodes coated with enzymatic reagent layers and readout electronics. 2. The system of claim 1, further comprising automated feature selection step #14.",Medical Devices & Healthcare Technology,G01N 33/50,"Biological assay testing, biosensors, chemical analysis diagnostic devices"
US11851562B2,3D Depth Map Estimation System for Autonomous Computer Vision Sensors (Spec #022 - Ref_688),"An image processing system configured to receive multi-camera video streams, apply stereoscopic correspondence algorithms, and construct 3D point cloud representations. Section iteration 22 validates scalability across distributed node clusters and low-power hardware.","1. A computer vision system comprising an image sensor, a GPU frame processor, and software modules configured to segment image frames and classify detected objects. 2. The system of claim 1, further comprising automated feature selection step #22.",Computer Vision & Image Processing,G06T 7/00,"Computer vision, image segmentation, pattern analysis, video stream processing"
US11850047B2,Adaptive Modulation and Coding Scheme for High-Density Wi-Fi Access Points (Spec #026 - Ref_895),A wireless transceiver system operating in unlicensed millimeter-wave frequencies utilizing spatial division multiplexing and digital pre-distortion. Section iteration 26 validates scalability across distributed node clusters and low-power hardware.,"1. A wireless communication device comprising a multi-antenna array, a radio frequency transceiver, and a baseband processor configured to generate beamforming spatial weights. 2. The system of claim 1, further comprising automated feature selection step #26.",Telecommunications & Wireless Networks,H04W 84/12,"Wireless local area networks, Wi-Fi protocols, 5G/6G cellular transmission"
US11851468B2,3D Depth Map Estimation System for Autonomous Computer Vision Sensors (Spec #011 - Ref_736),"Automated optical inspection systems utilizing high-resolution image sensors, spatial filtering algorithms, and pattern matching models to detect surface defects. Section iteration 11 validates scalability across distributed node clusters and low-power hardware.","1. A computer vision system comprising an image sensor, a GPU frame processor, and software modules configured to segment image frames and classify detected objects. 2. The system of claim 1, further comprising automated feature selection step #11.",Computer Vision & Image Processing,G06T 7/00,"Computer vision, image segmentation, pattern analysis, video stream processing"
US11851017B2,Plasma Atomic Layer Deposition Process for Ultra-Thin Dielectric Film Layers (Spec #005 - Ref_989),Semiconductor manufacturing methods featuring advanced plasma etching and extreme ultraviolet lithography techniques for fabricating nanoscale FinFET transistor gates. Section iteration 5 validates scalability across distributed node clusters and low-power hardware.,"1. A semiconductor processing chamber comprising gas distribution showerheads, plasma generation electrodes, and vacuum exhaust systems. 2. The system of claim 1, further comprising automated feature selection step #5.",Semiconductors & Integrated Circuits,H01L 21/00,"Semiconductor device fabrication, lithography, integrated circuit processing"
US11850011B2,Ultra-Low Latency Wireless Packet Transmission Architecture for OFDM Networks (Spec #021 - Ref_579),Methods and apparatus for dynamic radio spectrum management across 5G cellular base stations to minimize co-channel interference and packet loss. Section iteration 21 validates scalability across distributed node clusters and low-power hardware.,"1. A wireless access point comprising a MAC layer controller, packet scheduling logic, and physical layer modems supporting high-throughput quadrature amplitude modulation. 2. The system of claim 1, further comprising automated feature selection step #21.",Telecommunications & Wireless Networks,H04W 84/12,"Wireless local area networks, Wi-Fi protocols, 5G/6G cellular transmission"
US11849342B2,Collision Avoidance Architecture for Swarm Unmanned Aerial Vehicle Navigation (Spec #031 - Ref_258),Avionics control architectures for autonomous quadcopter UAV drones featuring real-time altitude telemetry sensor fusion and dynamic trajectory optimization. Section iteration 31 validates scalability across distributed node clusters and low-power hardware.,"1. A UAV flight stabilization system comprising an inertial measurement unit, GPS positioning receivers, and electronic motor speed controllers. 2. The system of claim 1, further comprising automated feature selection step #31.",Aerospace & Drone Avionics,B64C 39/02,"Unmanned aerial vehicles, quadcopter drone flight control, rotor craft"
US11851037B2,3D FinFET Transistor Fabrication Process Featuring Gate-All-Around Architecture (Spec #009 - Ref_912),A process for depositing high-k dielectric layers on silicon substrates using atomic layer deposition chambers with precise precursor gas pulses. Section iteration 9 validates scalability across distributed node clusters and low-power hardware.,"1. A method of manufacturing a semiconductor device comprising forming fin structures on a silicon substrate, depositing gate dielectrics, and etching gate electrodes. 2. The system of claim 1, further comprising automated feature selection step #9.",Semiconductors & Integrated Circuits,H01L 21/00,"Semiconductor device fabrication, lithography, integrated circuit processing"
US11849178B2,Avionics Telemetry Sensor Fusion Unit for UAV Altitude and Position Stabilization (Spec #014 - Ref_425),A flight control computer configured to adjust multi-rotor motor speeds based on Kalman-filtered inertial measurement unit data. Section iteration 14 validates scalability across distributed node clusters and low-power hardware.,"1. An aerial drone navigation apparatus comprising obstacle detection sensors, wireless telemetry links, and trajectory planning algorithms. 2. The system of claim 1, further comprising automated feature selection step #14.",Aerospace & Drone Avionics,B64C 39/02,"Unmanned aerial vehicles, quadcopter drone flight control, rotor craft"
US11847789B2,Multi-Layer Neural Network Classifier for Real-Time Sensor Data Streams (Spec #032 - Ref_196),Methods and systems for training multi-layer neural network classifiers using dynamic feature extraction from multi-modal sensor arrays to optimize pattern recognition performance. Section iteration 32 validates scalability across distributed node clusters and low-power hardware.,"1. A pattern recognition system comprising a data processor, memory storing a machine learning classifier model, and instructions to evaluate probability distributions over feature spaces. 2. The system of claim 1, further comprising automated feature selection step #32.",Artificial Intelligence & Machine Learning,G06F 18/20,"Pattern recognition, machine learning classifiers, statistical feature extraction"
US11850057B2,Multi-User MIMO Beamforming Controller for High-Throughput Wireless Local Area Networks (Spec #027 - Ref_205),Methods and apparatus for dynamic radio spectrum management across 5G cellular base stations to minimize co-channel interference and packet loss. Section iteration 27 validates scalability across distributed node clusters and low-power hardware.,"1. A wireless communication device comprising a multi-antenna array, a radio frequency transceiver, and a baseband processor configured to generate beamforming spatial weights. 2. The system of claim 1, further comprising automated feature selection step #27.",Telecommunications & Wireless Networks,H04W 84/12,"Wireless local area networks, Wi-Fi protocols, 5G/6G cellular transmission"
US11851347B2,High-Density Through-Silicon Via (TSV) Interconnect Fabrication Protocol (Spec #044 - Ref_734),Semiconductor manufacturing methods featuring advanced plasma etching and extreme ultraviolet lithography techniques for fabricating nanoscale FinFET transistor gates. Section iteration 44 validates scalability across distributed node clusters and low-power hardware.,"1. An integrated circuit fabrication process comprising etching through-silicon vias, depositing barrier metal layers, and electroplating copper interconnects. 2. The system of claim 1, further comprising automated feature selection step #44.",Semiconductors & Integrated Circuits,H01L 21/00,"Semiconductor device fabrication, lithography, integrated circuit processing"
US11850456B2,Predictive Emergency Braking System for Electric Vehicles Using Radar Sensor Fusion (Spec #024 - Ref_894),"An autonomous vehicle control system integrating front-facing camera feeds, radar ranging data, and wheel speed telemetry to execute collision mitigation maneuvers. Section iteration 24 validates scalability across distributed node clusters and low-power hardware.","1. A vehicle safety apparatus comprising radar ranging sensors, brake actuators, and dynamic collision risk prediction software. 2. The system of claim 1, further comprising automated feature selection step #24.",Automotive & Autonomous Vehicles,B60W 30/00,"Autonomous vehicle guidance, driver assistance, automated steering control"
US11848040B2,Hardware Inference Accelerator with Quantized Neural Network Processing Units (Spec #015 - Ref_411),A neuromorphic integrated circuit utilizing non-volatile memory cells as synaptic weights for high-throughput spiking neural network computation. Section iteration 15 validates scalability across distributed node clusters and low-power hardware.,"1. A neuromorphic computing system comprising artificial neuron circuits, synaptic crossbar arrays, and spike-timing-dependent plasticity control modules. 2. The system of claim 1, further comprising automated feature selection step #15.",Artificial Intelligence & Machine Learning,G06N 3/02,"Neural network hardware architectures, artificial neural networks, computing chips"
US11848456B2,Post-Quantum Public Key Cryptographic Infrastructure for Network Authentication (Spec #020 - Ref_427),Methods for establishing secure mutual authentication between distributed network nodes using zero-knowledge identity assertions and cryptographic key exchange. Section iteration 20 validates scalability across distributed node clusters and low-power hardware.,"1. A secure transaction verification system comprising memory storing private cryptographic keys, token hashing logic, and distributed consensus validation protocols. 2. The system of claim 1, further comprising automated feature selection step #20.","Cryptography, Cybersecurity & Blockchain",H04L 9/32,"Digital signatures, message authentication, cryptographic security protocols"
US11851853B2,Predictive Patient Monitoring Architecture Using Machine Learning Vital Sign Fusion (Spec #008 - Ref_682),"A health telemetry processing platform comprising wearable patient sensors, cloud data ingest engines, and machine learning models trained on physiological time-series. Section iteration 8 validates scalability across distributed node clusters and low-power hardware.","1. A medical decision support apparatus comprising memory storing patient health records, clinical guideline rule engines, and machine learning risk scoring processors. 2. The system of claim 1, further comprising automated feature selection step #8.",Software & Distributed Systems,G16H 50/20,"Healthcare data processing, AI medical decision support, clinical analytics"
US11852014B2,Predictive Patient Monitoring Architecture Using Machine Learning Vital Sign Fusion (Spec #030 - Ref_108),"A health telemetry processing platform comprising wearable patient sensors, cloud data ingest engines, and machine learning models trained on physiological time-series. Section iteration 30 validates scalability across distributed node clusters and low-power hardware.","1. A healthcare data processing system comprising a clinical database interface, a natural language processing module, and predictive risk calculation models. 2. The system of claim 1, further comprising automated feature selection step #30.",Software & Distributed Systems,G16H 50/20,"Healthcare data processing, AI medical decision support, clinical analytics"
US11851036B2,Plasma Atomic Layer Deposition Process for Ultra-Thin Dielectric Film Layers (Spec #008 - Ref_529),"Integrated circuit manufacturing tools comprising wafer positioning stages, chemical slurry dispensers, and optical endpoint detection sensors for planarization. Section iteration 8 validates scalability across distributed node clusters and low-power hardware.","1. A semiconductor processing chamber comprising gas distribution showerheads, plasma generation electrodes, and vacuum exhaust systems. 2. The system of claim 1, further comprising automated feature selection step #8.",Semiconductors & Integrated Circuits,H01L 21/00,"Semiconductor device fabrication, lithography, integrated circuit processing"
US11847896B2,Multi-Layer Neural Network Classifier for Real-Time Sensor Data Streams (Spec #045 - Ref_453),"A computer-implemented system configured to receive input feature vectors, apply dimensionality reduction, and evaluate statistical classifier loss metrics. Section iteration 45 validates scalability across distributed node clusters and low-power hardware.","1. A computer-implemented method comprising receiving sensor data streams, generating feature vectors using a convolutional neural network layer, and computing loss functions based on multi-task attention mechanisms. 2. The system of claim 1, further comprising automated feature selection step #45.",Artificial Intelligence & Machine Learning,G06F 18/20,"Pattern recognition, machine learning classifiers, statistical feature extraction"
US11847845B2,Supervised Machine Learning Classifier with Dynamic Loss Function Optimization (Spec #039 - Ref_257),"A computer-implemented system configured to receive input feature vectors, apply dimensionality reduction, and evaluate statistical classifier loss metrics. Section iteration 39 validates scalability across distributed node clusters and low-power hardware.","1. A computer-implemented method comprising receiving sensor data streams, generating feature vectors using a convolutional neural network layer, and computing loss functions based on multi-task attention mechanisms. 2. The system of claim 1, further comprising automated feature selection step #39.",Artificial Intelligence & Machine Learning,G06F 18/20,"Pattern recognition, machine learning classifiers, statistical feature extraction"
US11848573B2,Elliptic Curve Cryptographic Authentication Scheme for Distributed Microservice APIs (Spec #035 - Ref_838),A decentralized blockchain protocol configured to validate digital transaction blocks using multi-signature cryptographic schemes. Section iteration 35 validates scalability across distributed node clusters and low-power hardware.,"1. A cryptographic authentication system comprising key generation modules, signature verification processors, and zero-knowledge proof verification algorithms. 2. The system of claim 1, further comprising automated feature selection step #35.","Cryptography, Cybersecurity & Blockchain",H04L 9/32,"Digital signatures, message authentication, cryptographic security protocols"
US11850566B2,Vehicle Trajectory Planning Computer Based on Real-Time LIDAR Point Cloud Processing (Spec #041 - Ref_439),A computerized vehicle guidance system utilizing high-definition maps and real-time sensor streams to navigate complex intersections autonomously. Section iteration 41 validates scalability across distributed node clusters and low-power hardware.,"1. An autonomous vehicle guidance system comprising a LIDAR sensor, a camera processor, and an electronic control unit configured to actuate steering and braking systems. 2. The system of claim 1, further comprising automated feature selection step #41.",Automotive & Autonomous Vehicles,B60W 30/00,"Autonomous vehicle guidance, driver assistance, automated steering control"
US11850612B2,Adaptive Cruise Control Architecture for Autonomous Automobile Platooning (Spec #049 - Ref_172),A computerized vehicle guidance system utilizing high-definition maps and real-time sensor streams to navigate complex intersections autonomously. Section iteration 49 validates scalability across distributed node clusters and low-power hardware.,"1. A vehicle safety apparatus comprising radar ranging sensors, brake actuators, and dynamic collision risk prediction software. 2. The system of claim 1, further comprising automated feature selection step #49.",Automotive & Autonomous Vehicles,B60W 30/00,"Autonomous vehicle guidance, driver assistance, automated steering control"
US11848363B2,Post-Quantum Public Key Cryptographic Infrastructure for Network Authentication (Spec #008 - Ref_722),A decentralized blockchain protocol configured to validate digital transaction blocks using multi-signature cryptographic schemes. Section iteration 8 validates scalability across distributed node clusters and low-power hardware.,"1. A computer-implemented method comprising generating zero-knowledge proof tokens, verifying public key hashes, and validating transaction blocks across a peer-to-peer network. 2. The system of claim 1, further comprising automated feature selection step #8.","Cryptography, Cybersecurity & Blockchain",H04L 9/32,"Digital signatures, message authentication, cryptographic security protocols"
US11848800B2,Synthetic Messenger RNA Construct with Enhanced Ribosomal Translation Efficiency (Spec #013 - Ref_299),"Genetic engineering constructs and recombinant DNA vectors optimized for targeted nucleotide cleavage, genomic sequence editing, and gene expression modulation. Section iteration 13 validates scalability across distributed node clusters and low-power hardware.","1. An engineered DNA vector comprising an expression cassette, a selectable marker gene, and site-specific recombination target sequences. 2. The system of claim 1, further comprising automated feature selection step #13.",Biotechnology & Genomics,C12N 15/09,"Recombinant DNA technology, genetic engineering vectors, nucleic acid mutation"
US11850527B2,Adaptive Cruise Control Architecture for Autonomous Automobile Platooning (Spec #036 - Ref_180),A computerized vehicle guidance system utilizing high-definition maps and real-time sensor streams to navigate complex intersections autonomously. Section iteration 36 validates scalability across distributed node clusters and low-power hardware.,"1. A vehicle safety apparatus comprising radar ranging sensors, brake actuators, and dynamic collision risk prediction software. 2. The system of claim 1, further comprising automated feature selection step #36.",Automotive & Autonomous Vehicles,B60W 30/00,"Autonomous vehicle guidance, driver assistance, automated steering control"
US11851184B2,Extreme Ultraviolet Lithography Method for Sub-3nm Semiconductor Gate Patterning (Spec #025 - Ref_507),Semiconductor manufacturing methods featuring advanced plasma etching and extreme ultraviolet lithography techniques for fabricating nanoscale FinFET transistor gates. Section iteration 25 validates scalability across distributed node clusters and low-power hardware.,"1. A method of manufacturing a semiconductor device comprising forming fin structures on a silicon substrate, depositing gate dielectrics, and etching gate electrodes. 2. The system of claim 1, further comprising automated feature selection step #25.",Semiconductors & Integrated Circuits,H01L 21/00,"Semiconductor device fabrication, lithography, integrated circuit processing"
US11848163B2,Neuromorphic Computing Chip Featuring Parallel Synaptic Interconnect Arrays (Spec #031 - Ref_342),A hardware accelerator chip comprising an array of processing elements configured to execute parallel matrix-vector multiplications for artificial neural networks. Section iteration 31 validates scalability across distributed node clusters and low-power hardware.,"1. A hardware accelerator chip comprising a matrix multiplication unit, activation function logic, and high-bandwidth memory interfaces configured for neural network inference. 2. The system of claim 1, further comprising automated feature selection step #31.",Artificial Intelligence & Machine Learning,G06N 3/02,"Neural network hardware architectures, artificial neural networks, computing chips"
US11852157B2,Clinical Artificial Intelligence Decision Support Platform for Patient Outcome Prediction (Spec #047 - Ref_955),Methods for analyzing unstructured clinical progress notes using natural language processing to extract diagnostic codes and recommend therapeutic interventions. Section iteration 47 validates scalability across distributed node clusters and low-power hardware.,"1. A medical decision support apparatus comprising memory storing patient health records, clinical guideline rule engines, and machine learning risk scoring processors. 2. The system of claim 1, further comprising automated feature selection step #47.",Software & Distributed Systems,G16H 50/20,"Healthcare data processing, AI medical decision support, clinical analytics"
US11851021B2,Extreme Ultraviolet Lithography Method for Sub-3nm Semiconductor Gate Patterning (Spec #006 - Ref_387),A process for depositing high-k dielectric layers on silicon substrates using atomic layer deposition chambers with precise precursor gas pulses. Section iteration 6 validates scalability across distributed node clusters and low-power hardware.,"1. A semiconductor processing chamber comprising gas distribution showerheads, plasma generation electrodes, and vacuum exhaust systems. 2. The system of claim 1, further comprising automated feature selection step #6.",Semiconductors & Integrated Circuits,H01L 21/00,"Semiconductor device fabrication, lithography, integrated circuit processing"
US11848491B2,Distributed Ledger Transaction Validation Protocol Using Digital Signature Aggregation (Spec #026 - Ref_482),A cryptographic security framework utilizing zero-knowledge proof primitives and elliptic curve digital signatures for decentralized token verification across public ledgers. Section iteration 26 validates scalability across distributed node clusters and low-power hardware.,"1. A secure transaction verification system comprising memory storing private cryptographic keys, token hashing logic, and distributed consensus validation protocols. 2. The system of claim 1, further comprising automated feature selection step #26.","Cryptography, Cybersecurity & Blockchain",H04L 9/32,"Digital signatures, message authentication, cryptographic security protocols"
US11850782B2,Optofluidic Assay Platform for High-Throughput Single-Cell Fluorescence Monitoring (Spec #020 - Ref_148),"A microfluidic biochip system featuring capillary fluidic channels, reagent storage reservoirs, and integrated photodiode detection arrays. Section iteration 20 validates scalability across distributed node clusters and low-power hardware.","1. A diagnostic biosensor device comprising a sample inlet, microfluidic reaction channels containing immobilised capture probes, and an optical photodetector. 2. The system of claim 1, further comprising automated feature selection step #20.",Medical Devices & Healthcare Technology,G01N 33/50,"Biological assay testing, biosensors, chemical analysis diagnostic devices"
US11851388B2,Semantic Image Segmentation Architecture for High-Resolution Medical Scans (Spec #001 - Ref_428),"Computer vision methods and systems for segmenting digital video frames, bounding detected objects, and computing feature trajectories using deep neural networks. Section iteration 1 validates scalability across distributed node clusters and low-power hardware.","1. A computer vision system comprising an image sensor, a GPU frame processor, and software modules configured to segment image frames and classify detected objects. 2. The system of claim 1, further comprising automated feature selection step #1.",Computer Vision & Image Processing,G06T 7/00,"Computer vision, image segmentation, pattern analysis, video stream processing"
US11851773B2,Semantic Image Segmentation Architecture for High-Resolution Medical Scans (Spec #047 - Ref_691),"Computer vision methods and systems for segmenting digital video frames, bounding detected objects, and computing feature trajectories using deep neural networks. Section iteration 47 validates scalability across distributed node clusters and low-power hardware.","1. An image processing method comprising receiving digital video frames, computing optical flow vectors, and generating object bounding box coordinates. 2. The system of claim 1, further comprising automated feature selection step #47.",Computer Vision & Image Processing,G06T 7/00,"Computer vision, image segmentation, pattern analysis, video stream processing"
US11850060B2,Dynamic Channel Allocation Protocol for 5G Millimeter Wave Base Stations (Spec #028 - Ref_992),Methods and apparatus for dynamic radio spectrum management across 5G cellular base stations to minimize co-channel interference and packet loss. Section iteration 28 validates scalability across distributed node clusters and low-power hardware.,"1. A wireless communication device comprising a multi-antenna array, a radio frequency transceiver, and a baseband processor configured to generate beamforming spatial weights. 2. The system of claim 1, further comprising automated feature selection step #28.",Telecommunications & Wireless Networks,H04W 84/12,"Wireless local area networks, Wi-Fi protocols, 5G/6G cellular transmission"
US11849579B2,Sustained-Release Pharmaceutical Matrix Formulated with Hydrophilic Polymer Excipients (Spec #016 - Ref_748),"Therapeutic pharmaceutical formulations comprising lipid nanoparticle carriers for enhanced bioavailability, controlled gastric dissolution, and targeted active ingredient release. Section iteration 16 validates scalability across distributed node clusters and low-power hardware.","1. A therapeutic formulation comprising effective amounts of an enzymatic inhibitor compound combined with stabilizing excipient salts. 2. The system of claim 1, further comprising automated feature selection step #16.",Pharmaceuticals & Medicinal Chemistry,A61K 31/00,"Pharmaceutical preparations, medicinal compounds, controlled release formulations"
US11849605B2,Therapeutic Small Molecule Inhibitor Composition for Targeted Enzyme Binding (Spec #020 - Ref_573),Novel medicinal formulations comprising organic therapeutic inhibitors combined with pharmaceutically acceptable excipients to achieve controlled therapeutic dosage profiles. Section iteration 20 validates scalability across distributed node clusters and low-power hardware.,"1. A pharmaceutical composition comprising a therapeutic active ingredient encapsulated within solid lipid nanoparticles and a pharmaceutically acceptable carrier. 2. The system of claim 1, further comprising automated feature selection step #20.",Pharmaceuticals & Medicinal Chemistry,A61K 31/00,"Pharmaceutical preparations, medicinal compounds, controlled release formulations"
US11850937B2,Microfluidic Biochip Diagnostic Sensor for Rapid Immunoassay Target Detection (Spec #042 - Ref_987),A portable medical diagnostic device comprising electrochemical sensor strips and micro-controller circuitry calibrated for rapid analyte concentration measurement. Section iteration 42 validates scalability across distributed node clusters and low-power hardware.,"1. A point-of-care medical diagnostic instrument comprising fluidic actuators, temperature control elements, and fluorescence detection optics. 2. The system of claim 1, further comprising automated feature selection step #42.",Medical Devices & Healthcare Technology,G01N 33/50,"Biological assay testing, biosensors, chemical analysis diagnostic devices"
US11851798B2,Clinical Artificial Intelligence Decision Support Platform for Patient Outcome Prediction (Spec #001 - Ref_165),"Computer-implemented clinical decision support platforms configured to aggregate electronic health records, extract clinical parameters using NLP, and predict adverse events. Section iteration 1 validates scalability across distributed node clusters and low-power hardware.","1. A medical decision support apparatus comprising memory storing patient health records, clinical guideline rule engines, and machine learning risk scoring processors. 2. The system of claim 1, further comprising automated feature selection step #1.",Software & Distributed Systems,G16H 50/20,"Healthcare data processing, AI medical decision support, clinical analytics"
US11848186B2,Hardware Inference Accelerator with Quantized Neural Network Processing Units (Spec #035 - Ref_958),Integrated circuit architectures featuring systolic array multiplier units optimized for low-latency deep learning inference on edge computer vision devices. Section iteration 35 validates scalability across distributed node clusters and low-power hardware.,"1. An integrated circuit comprising an array of digital signal processors, on-chip SRAM weight buffers, and control logic executing neural network layers. 2. The system of claim 1, further comprising automated feature selection step #35.",Artificial Intelligence & Machine Learning,G06N 3/02,"Neural network hardware architectures, artificial neural networks, computing chips"
US11848873B2,Recombinant DNA Molecule Designed for Gene Knockout and Transcriptional Regulation (Spec #021 - Ref_184),"Genetic engineering constructs and recombinant DNA vectors optimized for targeted nucleotide cleavage, genomic sequence editing, and gene expression modulation. Section iteration 21 validates scalability across distributed node clusters and low-power hardware.","1. An engineered DNA vector comprising an expression cassette, a selectable marker gene, and site-specific recombination target sequences. 2. The system of claim 1, further comprising automated feature selection step #21.",Biotechnology & Genomics,C12N 15/09,"Recombinant DNA technology, genetic engineering vectors, nucleic acid mutation"
US11849146B2,Autonomous Flight Trajectory Control System for Multi-Rotor Unmanned Aerial Vehicles (Spec #011 - Ref_299),An autonomous unmanned aircraft system utilizing LIDAR and ultrasonic range sensors to navigate complex urban airspace while avoiding static and dynamic obstacles. Section iteration 11 validates scalability across distributed node clusters and low-power hardware.,"1. A UAV flight stabilization system comprising an inertial measurement unit, GPS positioning receivers, and electronic motor speed controllers. 2. The system of claim 1, further comprising automated feature selection step #11.",Aerospace & Drone Avionics,B64C 39/02,"Unmanned aerial vehicles, quadcopter drone flight control, rotor craft"
US11849062B2,Synthetic Messenger RNA Construct with Enhanced Ribosomal Translation Efficiency (Spec #047 - Ref_542),Synthetic nucleic acid constructs encoding Cas endonuclease proteins and guide RNA sequences for high-efficiency eukaryotic genome modification. Section iteration 47 validates scalability across distributed node clusters and low-power hardware.,"1. An engineered DNA vector comprising an expression cassette, a selectable marker gene, and site-specific recombination target sequences. 2. The system of claim 1, further comprising automated feature selection step #47.",Biotechnology & Genomics,C12N 15/09,"Recombinant DNA technology, genetic engineering vectors, nucleic acid mutation"
US11848647B2,Elliptic Curve Cryptographic Authentication Scheme for Distributed Microservice APIs (Spec #044 - Ref_201),Methods for establishing secure mutual authentication between distributed network nodes using zero-knowledge identity assertions and cryptographic key exchange. Section iteration 44 validates scalability across distributed node clusters and low-power hardware.,"1. A secure transaction verification system comprising memory storing private cryptographic keys, token hashing logic, and distributed consensus validation protocols. 2. The system of claim 1, further comprising automated feature selection step #44.","Cryptography, Cybersecurity & Blockchain",H04L 9/32,"Digital signatures, message authentication, cryptographic security protocols"
US11849598B2,Therapeutic Small Molecule Inhibitor Composition for Targeted Enzyme Binding (Spec #019 - Ref_722),Novel medicinal formulations comprising organic therapeutic inhibitors combined with pharmaceutically acceptable excipients to achieve controlled therapeutic dosage profiles. Section iteration 19 validates scalability across distributed node clusters and low-power hardware.,"1. An oral drug delivery system comprising an active medicinal compound, a bioadhesive polymer coat, and a pH-dependent enteric release layer. 2. The system of claim 1, further comprising automated feature selection step #19.",Pharmaceuticals & Medicinal Chemistry,A61K 31/00,"Pharmaceutical preparations, medicinal compounds, controlled release formulations"
US11849380B2,Dynamic Aerodynamic Thrust Control System for Quadcopter Aerial Drones (Spec #038 - Ref_780),Avionics control architectures for autonomous quadcopter UAV drones featuring real-time altitude telemetry sensor fusion and dynamic trajectory optimization. Section iteration 38 validates scalability across distributed node clusters and low-power hardware.,"1. An aerial drone navigation apparatus comprising obstacle detection sensors, wireless telemetry links, and trajectory planning algorithms. 2. The system of claim 1, further comprising automated feature selection step #38.",Aerospace & Drone Avionics,B64C 39/02,"Unmanned aerial vehicles, quadcopter drone flight control, rotor craft"
US11848513B2,Post-Quantum Public Key Cryptographic Infrastructure for Network Authentication (Spec #029 - Ref_930),A cryptographic security framework utilizing zero-knowledge proof primitives and elliptic curve digital signatures for decentralized token verification across public ledgers. Section iteration 29 validates scalability across distributed node clusters and low-power hardware.,"1. A computer-implemented method comprising generating zero-knowledge proof tokens, verifying public key hashes, and validating transaction blocks across a peer-to-peer network. 2. The system of claim 1, further comprising automated feature selection step #29.","Cryptography, Cybersecurity & Blockchain",H04L 9/32,"Digital signatures, message authentication, cryptographic security protocols"
US11850022B2,Ultra-Low Latency Wireless Packet Transmission Architecture for OFDM Networks (Spec #023 - Ref_702),Methods and apparatus for dynamic radio spectrum management across 5G cellular base stations to minimize co-channel interference and packet loss. Section iteration 23 validates scalability across distributed node clusters and low-power hardware.,"1. A wireless communication device comprising a multi-antenna array, a radio frequency transceiver, and a baseband processor configured to generate beamforming spatial weights. 2. The system of claim 1, further comprising automated feature selection step #23.",Telecommunications & Wireless Networks,H04W 84/12,"Wireless local area networks, Wi-Fi protocols, 5G/6G cellular transmission"
US11849951B2,Dynamic Channel Allocation Protocol for 5G Millimeter Wave Base Stations (Spec #014 - Ref_689),A wireless transceiver system operating in unlicensed millimeter-wave frequencies utilizing spatial division multiplexing and digital pre-distortion. Section iteration 14 validates scalability across distributed node clusters and low-power hardware.,"1. A cellular transmission system comprising base station controllers, channel state feedback analyzers, and adaptive power control circuits. 2. The system of claim 1, further comprising automated feature selection step #14.",Telecommunications & Wireless Networks,H04W 84/12,"Wireless local area networks, Wi-Fi protocols, 5G/6G cellular transmission"
US11847794B2,Supervised Machine Learning Classifier with Dynamic Loss Function Optimization (Spec #033 - Ref_381),Methods and systems for training multi-layer neural network classifiers using dynamic feature extraction from multi-modal sensor arrays to optimize pattern recognition performance. Section iteration 33 validates scalability across distributed node clusters and low-power hardware.,"1. A computer-implemented method comprising receiving sensor data streams, generating feature vectors using a convolutional neural network layer, and computing loss functions based on multi-task attention mechanisms. 2. The system of claim 1, further comprising automated feature selection step #33.",Artificial Intelligence & Machine Learning,G06F 18/20,"Pattern recognition, machine learning classifiers, statistical feature extraction"
US11848541B2,Zero-Knowledge Proof Tokenization Framework for Secure Identity Verification (Spec #032 - Ref_101),Methods for establishing secure mutual authentication between distributed network nodes using zero-knowledge identity assertions and cryptographic key exchange. Section iteration 32 validates scalability across distributed node clusters and low-power hardware.,"1. A computer-implemented method comprising generating zero-knowledge proof tokens, verifying public key hashes, and validating transaction blocks across a peer-to-peer network. 2. The system of claim 1, further comprising automated feature selection step #32.","Cryptography, Cybersecurity & Blockchain",H04L 9/32,"Digital signatures, message authentication, cryptographic security protocols"
US11848250B2,Convolutional Neural Network Hardware Accelerator for Real-Time Edge Image Processing (Spec #042 - Ref_519),A neuromorphic integrated circuit utilizing non-volatile memory cells as synaptic weights for high-throughput spiking neural network computation. Section iteration 42 validates scalability across distributed node clusters and low-power hardware.,"1. A hardware accelerator chip comprising a matrix multiplication unit, activation function logic, and high-bandwidth memory interfaces configured for neural network inference. 2. The system of claim 1, further comprising automated feature selection step #42.",Artificial Intelligence & Machine Learning,G06N 3/02,"Neural network hardware architectures, artificial neural networks, computing chips"
US11849999B2,Adaptive Modulation and Coding Scheme for High-Density Wi-Fi Access Points (Spec #019 - Ref_708),A wireless transceiver system operating in unlicensed millimeter-wave frequencies utilizing spatial division multiplexing and digital pre-distortion. Section iteration 19 validates scalability across distributed node clusters and low-power hardware.,"1. A wireless access point comprising a MAC layer controller, packet scheduling logic, and physical layer modems supporting high-throughput quadrature amplitude modulation. 2. The system of claim 1, further comprising automated feature selection step #19.",Telecommunications & Wireless Networks,H04W 84/12,"Wireless local area networks, Wi-Fi protocols, 5G/6G cellular transmission"
US11851267B2,Chemical Mechanical Planarization Tool with Real-Time Wafer Polishing Monitoring (Spec #034 - Ref_999),"Integrated circuit manufacturing tools comprising wafer positioning stages, chemical slurry dispensers, and optical endpoint detection sensors for planarization. Section iteration 34 validates scalability across distributed node clusters and low-power hardware.","1. An integrated circuit fabrication process comprising etching through-silicon vias, depositing barrier metal layers, and electroplating copper interconnects. 2. The system of claim 1, further comprising automated feature selection step #34.",Semiconductors & Integrated Circuits,H01L 21/00,"Semiconductor device fabrication, lithography, integrated circuit processing"
US11849876B2,Multi-User MIMO Beamforming Controller for High-Throughput Wireless Local Area Networks (Spec #004 - Ref_101),Wireless communication architectures for multi-user MIMO access points configured to optimize beamforming weights and channel bandwidth allocation in dense Wi-Fi environments. Section iteration 4 validates scalability across distributed node clusters and low-power hardware.,"1. A cellular transmission system comprising base station controllers, channel state feedback analyzers, and adaptive power control circuits. 2. The system of claim 1, further comprising automated feature selection step #4.",Telecommunications & Wireless Networks,H04W 84/12,"Wireless local area networks, Wi-Fi protocols, 5G/6G cellular transmission"
US11848772B2,Synthetic Messenger RNA Construct with Enhanced Ribosomal Translation Efficiency (Spec #008 - Ref_875),Synthetic nucleic acid constructs encoding Cas endonuclease proteins and guide RNA sequences for high-efficiency eukaryotic genome modification. Section iteration 8 validates scalability across distributed node clusters and low-power hardware.,"1. A recombinant nucleic acid molecule comprising a promoter sequence, a guide RNA targeting domain, and a Cas9 endonuclease coding sequence configured for genome editing. 2. The system of claim 1, further comprising automated feature selection step #8.",Biotechnology & Genomics,C12N 15/09,"Recombinant DNA technology, genetic engineering vectors, nucleic acid mutation"
US11848663B2,Decentralized Blockchain Verification Protocol with Zero-Knowledge Proof Signatures (Spec #046 - Ref_560),A decentralized blockchain protocol configured to validate digital transaction blocks using multi-signature cryptographic schemes. Section iteration 46 validates scalability across distributed node clusters and low-power hardware.,"1. A computer-implemented method comprising generating zero-knowledge proof tokens, verifying public key hashes, and validating transaction blocks across a peer-to-peer network. 2. The system of claim 1, further comprising automated feature selection step #46.","Cryptography, Cybersecurity & Blockchain",H04L 9/32,"Digital signatures, message authentication, cryptographic security protocols"
US11848581B2,Distributed Ledger Transaction Validation Protocol Using Digital Signature Aggregation (Spec #036 - Ref_762),A cryptographic security framework utilizing zero-knowledge proof primitives and elliptic curve digital signatures for decentralized token verification across public ledgers. Section iteration 36 validates scalability across distributed node clusters and low-power hardware.,"1. A computer-implemented method comprising generating zero-knowledge proof tokens, verifying public key hashes, and validating transaction blocks across a peer-to-peer network. 2. The system of claim 1, further comprising automated feature selection step #36.","Cryptography, Cybersecurity & Blockchain",H04L 9/32,"Digital signatures, message authentication, cryptographic security protocols"
US11849738B2,Controlled Release Pharmaceutical Oral Dosage Form Comprising Solid Lipid Nanoparticles (Spec #038 - Ref_990),"Therapeutic pharmaceutical formulations comprising lipid nanoparticle carriers for enhanced bioavailability, controlled gastric dissolution, and targeted active ingredient release. Section iteration 38 validates scalability across distributed node clusters and low-power hardware.","1. A therapeutic formulation comprising effective amounts of an enzymatic inhibitor compound combined with stabilizing excipient salts. 2. The system of claim 1, further comprising automated feature selection step #38.",Pharmaceuticals & Medicinal Chemistry,A61K 31/00,"Pharmaceutical preparations, medicinal compounds, controlled release formulations"
US11849636B2,Nanoparticulate Drug Delivery Carrier for Targeted Active Ingredient Release (Spec #024 - Ref_955),"Therapeutic pharmaceutical formulations comprising lipid nanoparticle carriers for enhanced bioavailability, controlled gastric dissolution, and targeted active ingredient release. Section iteration 24 validates scalability across distributed node clusters and low-power hardware.","1. A therapeutic formulation comprising effective amounts of an enzymatic inhibitor compound combined with stabilizing excipient salts. 2. The system of claim 1, further comprising automated feature selection step #24.",Pharmaceuticals & Medicinal Chemistry,A61K 31/00,"Pharmaceutical preparations, medicinal compounds, controlled release formulations"
US11848933B2,Recombinant Plasmid Vector for Targeted CRISPR-Cas9 Gene Editing Assays (Spec #031 - Ref_899),Recombinant genetic vectors comprising synthetic promoter regions and ribosomal binding sites engineered for elevated recombinant protein expression. Section iteration 31 validates scalability across distributed node clusters and low-power hardware.,"1. A synthetic genetic construct comprising a therapeutic nucleotide sequence linked to an inducible promoter and viral packaging signals. 2. The system of claim 1, further comprising automated feature selection step #31.",Biotechnology & Genomics,C12N 15/09,"Recombinant DNA technology, genetic engineering vectors, nucleic acid mutation"
US11847807B2,Supervised Machine Learning Classifier with Dynamic Loss Function Optimization (Spec #034 - Ref_745),A machine learning framework that extracts discriminative feature vectors from complex data streams and classifies operational states using gradient descent algorithms. Section iteration 34 validates scalability across distributed node clusters and low-power hardware.,"1. An automated classification apparatus comprising input interfaces configured to capture raw telemetry, feature selection modules, and a statistical classifier generating class predictions. 2. The system of claim 1, further comprising automated feature selection step #34.",Artificial Intelligence & Machine Learning,G06F 18/20,"Pattern recognition, machine learning classifiers, statistical feature extraction"
US11851199B2,Chemical Mechanical Planarization Tool with Real-Time Wafer Polishing Monitoring (Spec #027 - Ref_125),"Integrated circuit manufacturing tools comprising wafer positioning stages, chemical slurry dispensers, and optical endpoint detection sensors for planarization. Section iteration 27 validates scalability across distributed node clusters and low-power hardware.","1. An integrated circuit fabrication process comprising etching through-silicon vias, depositing barrier metal layers, and electroplating copper interconnects. 2. The system of claim 1, further comprising automated feature selection step #27.",Semiconductors & Integrated Circuits,H01L 21/00,"Semiconductor device fabrication, lithography, integrated circuit processing"
US11851480B2,Real-Time Video Object Detection and Tracking System Using Deep Convolutional Networks (Spec #012 - Ref_345),"Automated optical inspection systems utilizing high-resolution image sensors, spatial filtering algorithms, and pattern matching models to detect surface defects. Section iteration 12 validates scalability across distributed node clusters and low-power hardware.","1. An image processing method comprising receiving digital video frames, computing optical flow vectors, and generating object bounding box coordinates. 2. The system of claim 1, further comprising automated feature selection step #12.",Computer Vision & Image Processing,G06T 7/00,"Computer vision, image segmentation, pattern analysis, video stream processing"
US11847875B2,Statistical Pattern Recognition Architecture for High-Frequency Data Vector Mining (Spec #043 - Ref_815),Methods and systems for training multi-layer neural network classifiers using dynamic feature extraction from multi-modal sensor arrays to optimize pattern recognition performance. Section iteration 43 validates scalability across distributed node clusters and low-power hardware.,"1. An automated classification apparatus comprising input interfaces configured to capture raw telemetry, feature selection modules, and a statistical classifier generating class predictions. 2. The system of claim 1, further comprising automated feature selection step #43.",Artificial Intelligence & Machine Learning,G06F 18/20,"Pattern recognition, machine learning classifiers, statistical feature extraction"
US11850768B2,Electrochemical Biosensor Cartridge for Quantitative Blood Glucose and Biomarker Measurement (Spec #019 - Ref_662),A portable medical diagnostic device comprising electrochemical sensor strips and micro-controller circuitry calibrated for rapid analyte concentration measurement. Section iteration 19 validates scalability across distributed node clusters and low-power hardware.,"1. A point-of-care medical diagnostic instrument comprising fluidic actuators, temperature control elements, and fluorescence detection optics. 2. The system of claim 1, further comprising automated feature selection step #19.",Medical Devices & Healthcare Technology,G01N 33/50,"Biological assay testing, biosensors, chemical analysis diagnostic devices"
US11850472B2,Vehicle Trajectory Planning Computer Based on Real-Time LIDAR Point Cloud Processing (Spec #027 - Ref_351),"An autonomous vehicle control system integrating front-facing camera feeds, radar ranging data, and wheel speed telemetry to execute collision mitigation maneuvers. Section iteration 27 validates scalability across distributed node clusters and low-power hardware.","1. A vehicle safety apparatus comprising radar ranging sensors, brake actuators, and dynamic collision risk prediction software. 2. The system of claim 1, further comprising automated feature selection step #27.",Automotive & Autonomous Vehicles,B60W 30/00,"Autonomous vehicle guidance, driver assistance, automated steering control"
US11850434B2,Autonomous Vehicle Lane Keeping Assistance and Automated Steering Controller (Spec #021 - Ref_403),Advanced driver assistance systems for electric vehicles comprising sensor fusion processors configured to compute dynamic vehicle trajectories and actuate automated steering. Section iteration 21 validates scalability across distributed node clusters and low-power hardware.,"1. An autonomous vehicle guidance system comprising a LIDAR sensor, a camera processor, and an electronic control unit configured to actuate steering and braking systems. 2. The system of claim 1, further comprising automated feature selection step #21.",Automotive & Autonomous Vehicles,B60W 30/00,"Autonomous vehicle guidance, driver assistance, automated steering control"
US11850553B2,Vehicle Trajectory Planning Computer Based on Real-Time LIDAR Point Cloud Processing (Spec #040 - Ref_839),A computerized vehicle guidance system utilizing high-definition maps and real-time sensor streams to navigate complex intersections autonomously. Section iteration 40 validates scalability across distributed node clusters and low-power hardware.,"1. A vehicle safety apparatus comprising radar ranging sensors, brake actuators, and dynamic collision risk prediction software. 2. The system of claim 1, further comprising automated feature selection step #40.",Automotive & Autonomous Vehicles,B60W 30/00,"Autonomous vehicle guidance, driver assistance, automated steering control"
US11851544B2,Edge Detection and Boundary Tracking System for Industrial Automated Inspection (Spec #019 - Ref_465),"Automated optical inspection systems utilizing high-resolution image sensors, spatial filtering algorithms, and pattern matching models to detect surface defects. Section iteration 19 validates scalability across distributed node clusters and low-power hardware.","1. An image processing method comprising receiving digital video frames, computing optical flow vectors, and generating object bounding box coordinates. 2. The system of claim 1, further comprising automated feature selection step #19.",Computer Vision & Image Processing,G06T 7/00,"Computer vision, image segmentation, pattern analysis, video stream processing"
US11849042B2,Engineered Viral Vector for High-Precision Genomic Sequence Insertion (Spec #044 - Ref_478),Synthetic nucleic acid constructs encoding Cas endonuclease proteins and guide RNA sequences for high-efficiency eukaryotic genome modification. Section iteration 44 validates scalability across distributed node clusters and low-power hardware.,"1. An engineered DNA vector comprising an expression cassette, a selectable marker gene, and site-specific recombination target sequences. 2. The system of claim 1, further comprising automated feature selection step #44.",Biotechnology & Genomics,C12N 15/09,"Recombinant DNA technology, genetic engineering vectors, nucleic acid mutation"
US11848166B2,Neuromorphic Computing Chip Featuring Parallel Synaptic Interconnect Arrays (Spec #032 - Ref_823),Integrated circuit architectures featuring systolic array multiplier units optimized for low-latency deep learning inference on edge computer vision devices. Section iteration 32 validates scalability across distributed node clusters and low-power hardware.,"1. An integrated circuit comprising an array of digital signal processors, on-chip SRAM weight buffers, and control logic executing neural network layers. 2. The system of claim 1, further comprising automated feature selection step #32.",Artificial Intelligence & Machine Learning,G06N 3/02,"Neural network hardware architectures, artificial neural networks, computing chips"
US11850987B2,Electrochemical Biosensor Cartridge for Quantitative Blood Glucose and Biomarker Measurement (Spec #049 - Ref_611),"A microfluidic biochip system featuring capillary fluidic channels, reagent storage reservoirs, and integrated photodiode detection arrays. Section iteration 49 validates scalability across distributed node clusters and low-power hardware.","1. An electrochemical assay cartridge comprising working and reference electrodes coated with enzymatic reagent layers and readout electronics. 2. The system of claim 1, further comprising automated feature selection step #49.",Medical Devices & Healthcare Technology,G01N 33/50,"Biological assay testing, biosensors, chemical analysis diagnostic devices"
US11848991B2,Engineered Viral Vector for High-Precision Genomic Sequence Insertion (Spec #037 - Ref_471),"Genetic engineering constructs and recombinant DNA vectors optimized for targeted nucleotide cleavage, genomic sequence editing, and gene expression modulation. Section iteration 37 validates scalability across distributed node clusters and low-power hardware.","1. A synthetic genetic construct comprising a therapeutic nucleotide sequence linked to an inducible promoter and viral packaging signals. 2. The system of claim 1, further comprising automated feature selection step #37.",Biotechnology & Genomics,C12N 15/09,"Recombinant DNA technology, genetic engineering vectors, nucleic acid mutation"
US11848268B2,Convolutional Neural Network Hardware Accelerator for Real-Time Edge Image Processing (Spec #045 - Ref_698),A neuromorphic integrated circuit utilizing non-volatile memory cells as synaptic weights for high-throughput spiking neural network computation. Section iteration 45 validates scalability across distributed node clusters and low-power hardware.,"1. A neuromorphic computing system comprising artificial neuron circuits, synaptic crossbar arrays, and spike-timing-dependent plasticity control modules. 2. The system of claim 1, further comprising automated feature selection step #45.",Artificial Intelligence & Machine Learning,G06N 3/02,"Neural network hardware architectures, artificial neural networks, computing chips"
US11848979B2,Recombinant Plasmid Vector for Targeted CRISPR-Cas9 Gene Editing Assays (Spec #036 - Ref_531),Synthetic nucleic acid constructs encoding Cas endonuclease proteins and guide RNA sequences for high-efficiency eukaryotic genome modification. Section iteration 36 validates scalability across distributed node clusters and low-power hardware.,"1. An engineered DNA vector comprising an expression cassette, a selectable marker gene, and site-specific recombination target sequences. 2. The system of claim 1, further comprising automated feature selection step #36.",Biotechnology & Genomics,C12N 15/09,"Recombinant DNA technology, genetic engineering vectors, nucleic acid mutation"
US11848136B2,Hardware Inference Accelerator with Quantized Neural Network Processing Units (Spec #027 - Ref_118),A hardware accelerator chip comprising an array of processing elements configured to execute parallel matrix-vector multiplications for artificial neural networks. Section iteration 27 validates scalability across distributed node clusters and low-power hardware.,"1. An integrated circuit comprising an array of digital signal processors, on-chip SRAM weight buffers, and control logic executing neural network layers. 2. The system of claim 1, further comprising automated feature selection step #27.",Artificial Intelligence & Machine Learning,G06N 3/02,"Neural network hardware architectures, artificial neural networks, computing chips"
US11848839B2,Recombinant DNA Molecule Designed for Gene Knockout and Transcriptional Regulation (Spec #018 - Ref_802),Synthetic nucleic acid constructs encoding Cas endonuclease proteins and guide RNA sequences for high-efficiency eukaryotic genome modification. Section iteration 18 validates scalability across distributed node clusters and low-power hardware.,"1. A synthetic genetic construct comprising a therapeutic nucleotide sequence linked to an inducible promoter and viral packaging signals. 2. The system of claim 1, further comprising automated feature selection step #18.",Biotechnology & Genomics,C12N 15/09,"Recombinant DNA technology, genetic engineering vectors, nucleic acid mutation"
US11852101B2,Cloud-Based Healthcare Analytics System for Personalized Treatment Recommendation (Spec #040 - Ref_312),"A health telemetry processing platform comprising wearable patient sensors, cloud data ingest engines, and machine learning models trained on physiological time-series. Section iteration 40 validates scalability across distributed node clusters and low-power hardware.","1. A patient monitoring system comprising biosensor telemetry inputs, anomaly detection software algorithms, and automated clinical notification modules. 2. The system of claim 1, further comprising automated feature selection step #40.",Software & Distributed Systems,G16H 50/20,"Healthcare data processing, AI medical decision support, clinical analytics"
US11850837B2,Optofluidic Assay Platform for High-Throughput Single-Cell Fluorescence Monitoring (Spec #030 - Ref_520),Diagnostic biosensor platforms comprising microfluidic reaction channels and immobilised antibodies configured for quantitative optical fluorescence immunoassay analysis. Section iteration 30 validates scalability across distributed node clusters and low-power hardware.,"1. An electrochemical assay cartridge comprising working and reference electrodes coated with enzymatic reagent layers and readout electronics. 2. The system of claim 1, further comprising automated feature selection step #30.",Medical Devices & Healthcare Technology,G01N 33/50,"Biological assay testing, biosensors, chemical analysis diagnostic devices"
US11850209B2,Adaptive Modulation and Coding Scheme for High-Density Wi-Fi Access Points (Spec #045 - Ref_886),Wireless communication architectures for multi-user MIMO access points configured to optimize beamforming weights and channel bandwidth allocation in dense Wi-Fi environments. Section iteration 45 validates scalability across distributed node clusters and low-power hardware.,"1. A cellular transmission system comprising base station controllers, channel state feedback analyzers, and adaptive power control circuits. 2. The system of claim 1, further comprising automated feature selection step #45.",Telecommunications & Wireless Networks,H04W 84/12,"Wireless local area networks, Wi-Fi protocols, 5G/6G cellular transmission"
US11848095B2,Systolic Array Architecture for Low-Power Deep Neural Network Matrix Multiplication (Spec #023 - Ref_663),Integrated circuit architectures featuring systolic array multiplier units optimized for low-latency deep learning inference on edge computer vision devices. Section iteration 23 validates scalability across distributed node clusters and low-power hardware.,"1. A neuromorphic computing system comprising artificial neuron circuits, synaptic crossbar arrays, and spike-timing-dependent plasticity control modules. 2. The system of claim 1, further comprising automated feature selection step #23.",Artificial Intelligence & Machine Learning,G06N 3/02,"Neural network hardware architectures, artificial neural networks, computing chips"
US11849236B2,Avionics Telemetry Sensor Fusion Unit for UAV Altitude and Position Stabilization (Spec #020 - Ref_728),An autonomous unmanned aircraft system utilizing LIDAR and ultrasonic range sensors to navigate complex urban airspace while avoiding static and dynamic obstacles. Section iteration 20 validates scalability across distributed node clusters and low-power hardware.,"1. An autonomous unmanned aerial vehicle comprising a flight control processor, rotor actuators, and sensors configured to compute dynamic aerodynamic trajectories. 2. The system of claim 1, further comprising automated feature selection step #20.",Aerospace & Drone Avionics,B64C 39/02,"Unmanned aerial vehicles, quadcopter drone flight control, rotor craft"
US11849782B2,Therapeutic Small Molecule Inhibitor Composition for Targeted Enzyme Binding (Spec #044 - Ref_796),"Therapeutic pharmaceutical formulations comprising lipid nanoparticle carriers for enhanced bioavailability, controlled gastric dissolution, and targeted active ingredient release. Section iteration 44 validates scalability across distributed node clusters and low-power hardware.","1. An oral drug delivery system comprising an active medicinal compound, a bioadhesive polymer coat, and a pH-dependent enteric release layer. 2. The system of claim 1, further comprising automated feature selection step #44.",Pharmaceuticals & Medicinal Chemistry,A61K 31/00,"Pharmaceutical preparations, medicinal compounds, controlled release formulations"
US11849357B2,Autonomous Flight Trajectory Control System for Multi-Rotor Unmanned Aerial Vehicles (Spec #033 - Ref_931),An autonomous unmanned aircraft system utilizing LIDAR and ultrasonic range sensors to navigate complex urban airspace while avoiding static and dynamic obstacles. Section iteration 33 validates scalability across distributed node clusters and low-power hardware.,"1. An aerial drone navigation apparatus comprising obstacle detection sensors, wireless telemetry links, and trajectory planning algorithms. 2. The system of claim 1, further comprising automated feature selection step #33.",Aerospace & Drone Avionics,B64C 39/02,"Unmanned aerial vehicles, quadcopter drone flight control, rotor craft"
US11848023B2,Neuromorphic Computing Chip Featuring Parallel Synaptic Interconnect Arrays (Spec #012 - Ref_210),Integrated circuit architectures featuring systolic array multiplier units optimized for low-latency deep learning inference on edge computer vision devices. Section iteration 12 validates scalability across distributed node clusters and low-power hardware.,"1. A hardware accelerator chip comprising a matrix multiplication unit, activation function logic, and high-bandwidth memory interfaces configured for neural network inference. 2. The system of claim 1, further comprising automated feature selection step #12.",Artificial Intelligence & Machine Learning,G06N 3/02,"Neural network hardware architectures, artificial neural networks, computing chips"
US11851170B2,Extreme Ultraviolet Lithography Method for Sub-3nm Semiconductor Gate Patterning (Spec #024 - Ref_392),A process for depositing high-k dielectric layers on silicon substrates using atomic layer deposition chambers with precise precursor gas pulses. Section iteration 24 validates scalability across distributed node clusters and low-power hardware.,"1. A method of manufacturing a semiconductor device comprising forming fin structures on a silicon substrate, depositing gate dielectrics, and etching gate electrodes. 2. The system of claim 1, further comprising automated feature selection step #24.",Semiconductors & Integrated Circuits,H01L 21/00,"Semiconductor device fabrication, lithography, integrated circuit processing"
US11851441B2,Edge Detection and Boundary Tracking System for Industrial Automated Inspection (Spec #008 - Ref_402),"Computer vision methods and systems for segmenting digital video frames, bounding detected objects, and computing feature trajectories using deep neural networks. Section iteration 8 validates scalability across distributed node clusters and low-power hardware.","1. A computer vision system comprising an image sensor, a GPU frame processor, and software modules configured to segment image frames and classify detected objects. 2. The system of claim 1, further comprising automated feature selection step #8.",Computer Vision & Image Processing,G06T 7/00,"Computer vision, image segmentation, pattern analysis, video stream processing"
US11848556B2,Zero-Knowledge Proof Tokenization Framework for Secure Identity Verification (Spec #033 - Ref_668),A decentralized blockchain protocol configured to validate digital transaction blocks using multi-signature cryptographic schemes. Section iteration 33 validates scalability across distributed node clusters and low-power hardware.,"1. A computer-implemented method comprising generating zero-knowledge proof tokens, verifying public key hashes, and validating transaction blocks across a peer-to-peer network. 2. The system of claim 1, further comprising automated feature selection step #33.","Cryptography, Cybersecurity & Blockchain",H04L 9/32,"Digital signatures, message authentication, cryptographic security protocols"
US11850367B2,Adaptive Cruise Control Architecture for Autonomous Automobile Platooning (Spec #012 - Ref_642),Advanced driver assistance systems for electric vehicles comprising sensor fusion processors configured to compute dynamic vehicle trajectories and actuate automated steering. Section iteration 12 validates scalability across distributed node clusters and low-power hardware.,"1. An automated vehicle control system comprising lateral steering controllers, longitudinal speed managers, and sensor fusion modules. 2. The system of claim 1, further comprising automated feature selection step #12.",Automotive & Autonomous Vehicles,B60W 30/00,"Autonomous vehicle guidance, driver assistance, automated steering control"
US11849254B2,Avionics Telemetry Sensor Fusion Unit for UAV Altitude and Position Stabilization (Spec #022 - Ref_961),A flight control computer configured to adjust multi-rotor motor speeds based on Kalman-filtered inertial measurement unit data. Section iteration 22 validates scalability across distributed node clusters and low-power hardware.,"1. An aerial drone navigation apparatus comprising obstacle detection sensors, wireless telemetry links, and trajectory planning algorithms. 2. The system of claim 1, further comprising automated feature selection step #22.",Aerospace & Drone Avionics,B64C 39/02,"Unmanned aerial vehicles, quadcopter drone flight control, rotor craft"
US11850924B2,Point-of-Care Diagnostic Assay System for Pathogen Nucleic Acid Amplification (Spec #041 - Ref_929),"A microfluidic biochip system featuring capillary fluidic channels, reagent storage reservoirs, and integrated photodiode detection arrays. Section iteration 41 validates scalability across distributed node clusters and low-power hardware.","1. A diagnostic biosensor device comprising a sample inlet, microfluidic reaction channels containing immobilised capture probes, and an optical photodetector. 2. The system of claim 1, further comprising automated feature selection step #41.",Medical Devices & Healthcare Technology,G01N 33/50,"Biological assay testing, biosensors, chemical analysis diagnostic devices"
US11848226B2,Neuromorphic Computing Chip Featuring Parallel Synaptic Interconnect Arrays (Spec #039 - Ref_396),A neuromorphic integrated circuit utilizing non-volatile memory cells as synaptic weights for high-throughput spiking neural network computation. Section iteration 39 validates scalability across distributed node clusters and low-power hardware.,"1. A neuromorphic computing system comprising artificial neuron circuits, synaptic crossbar arrays, and spike-timing-dependent plasticity control modules. 2. The system of claim 1, further comprising automated feature selection step #39.",Artificial Intelligence & Machine Learning,G06N 3/02,"Neural network hardware architectures, artificial neural networks, computing chips"
US11850178B2,Radio Frequency Carrier Aggregation Controller for Cellular Data Streams (Spec #041 - Ref_537),A wireless transceiver system operating in unlicensed millimeter-wave frequencies utilizing spatial division multiplexing and digital pre-distortion. Section iteration 41 validates scalability across distributed node clusters and low-power hardware.,"1. A wireless access point comprising a MAC layer controller, packet scheduling logic, and physical layer modems supporting high-throughput quadrature amplitude modulation. 2. The system of claim 1, further comprising automated feature selection step #41.",Telecommunications & Wireless Networks,H04W 84/12,"Wireless local area networks, Wi-Fi protocols, 5G/6G cellular transmission"
US11850231B2,Radio Frequency Carrier Aggregation Controller for Cellular Data Streams (Spec #048 - Ref_152),Methods and apparatus for dynamic radio spectrum management across 5G cellular base stations to minimize co-channel interference and packet loss. Section iteration 48 validates scalability across distributed node clusters and low-power hardware.,"1. A wireless access point comprising a MAC layer controller, packet scheduling logic, and physical layer modems supporting high-throughput quadrature amplitude modulation. 2. The system of claim 1, further comprising automated feature selection step #48.",Telecommunications & Wireless Networks,H04W 84/12,"Wireless local area networks, Wi-Fi protocols, 5G/6G cellular transmission"
US11852135B2,Distributed Health Data Processing System for Real-Time Vital Sign Anomaly Detection (Spec #044 - Ref_390),Methods for analyzing unstructured clinical progress notes using natural language processing to extract diagnostic codes and recommend therapeutic interventions. Section iteration 44 validates scalability across distributed node clusters and low-power hardware.,"1. A patient monitoring system comprising biosensor telemetry inputs, anomaly detection software algorithms, and automated clinical notification modules. 2. The system of claim 1, further comprising automated feature selection step #44.",Software & Distributed Systems,G16H 50/20,"Healthcare data processing, AI medical decision support, clinical analytics"
US11850811B2,Microfluidic Biochip Diagnostic Sensor for Rapid Immunoassay Target Detection (Spec #024 - Ref_494),A portable medical diagnostic device comprising electrochemical sensor strips and micro-controller circuitry calibrated for rapid analyte concentration measurement. Section iteration 24 validates scalability across distributed node clusters and low-power hardware.,"1. An electrochemical assay cartridge comprising working and reference electrodes coated with enzymatic reagent layers and readout electronics. 2. The system of claim 1, further comprising automated feature selection step #24.",Medical Devices & Healthcare Technology,G01N 33/50,"Biological assay testing, biosensors, chemical analysis diagnostic devices"
US11852067B2,Clinical Artificial Intelligence Decision Support Platform for Patient Outcome Prediction (Spec #037 - Ref_505),Methods for analyzing unstructured clinical progress notes using natural language processing to extract diagnostic codes and recommend therapeutic interventions. Section iteration 37 validates scalability across distributed node clusters and low-power hardware.,"1. A patient monitoring system comprising biosensor telemetry inputs, anomaly detection software algorithms, and automated clinical notification modules. 2. The system of claim 1, further comprising automated feature selection step #37.",Software & Distributed Systems,G16H 50/20,"Healthcare data processing, AI medical decision support, clinical analytics"
US11851454B2,Edge Detection and Boundary Tracking System for Industrial Automated Inspection (Spec #009 - Ref_703),"Computer vision methods and systems for segmenting digital video frames, bounding detected objects, and computing feature trajectories using deep neural networks. Section iteration 9 validates scalability across distributed node clusters and low-power hardware.","1. An image processing method comprising receiving digital video frames, computing optical flow vectors, and generating object bounding box coordinates. 2. The system of claim 1, further comprising automated feature selection step #9.",Computer Vision & Image Processing,G06T 7/00,"Computer vision, image segmentation, pattern analysis, video stream processing"
US11850760B2,Point-of-Care Diagnostic Assay System for Pathogen Nucleic Acid Amplification (Spec #018 - Ref_991),A portable medical diagnostic device comprising electrochemical sensor strips and micro-controller circuitry calibrated for rapid analyte concentration measurement. Section iteration 18 validates scalability across distributed node clusters and low-power hardware.,"1. An electrochemical assay cartridge comprising working and reference electrodes coated with enzymatic reagent layers and readout electronics. 2. The system of claim 1, further comprising automated feature selection step #18.",Medical Devices & Healthcare Technology,G01N 33/50,"Biological assay testing, biosensors, chemical analysis diagnostic devices"
US11851258B2,Extreme Ultraviolet Lithography Method for Sub-3nm Semiconductor Gate Patterning (Spec #033 - Ref_955),A process for depositing high-k dielectric layers on silicon substrates using atomic layer deposition chambers with precise precursor gas pulses. Section iteration 33 validates scalability across distributed node clusters and low-power hardware.,"1. A method of manufacturing a semiconductor device comprising forming fin structures on a silicon substrate, depositing gate dielectrics, and etching gate electrodes. 2. The system of claim 1, further comprising automated feature selection step #33.",Semiconductors & Integrated Circuits,H01L 21/00,"Semiconductor device fabrication, lithography, integrated circuit processing"
US11852013B2,Electronic Health Record NLP Analytics Engine for Automated Clinical Coding (Spec #029 - Ref_404),"Computer-implemented clinical decision support platforms configured to aggregate electronic health records, extract clinical parameters using NLP, and predict adverse events. Section iteration 29 validates scalability across distributed node clusters and low-power hardware.","1. A patient monitoring system comprising biosensor telemetry inputs, anomaly detection software algorithms, and automated clinical notification modules. 2. The system of claim 1, further comprising automated feature selection step #29.",Software & Distributed Systems,G16H 50/20,"Healthcare data processing, AI medical decision support, clinical analytics"
US11849144B2,Autonomous Vertical Takeoff and Landing (VTOL) Flight Control Computer (Spec #010 - Ref_661),Avionics control architectures for autonomous quadcopter UAV drones featuring real-time altitude telemetry sensor fusion and dynamic trajectory optimization. Section iteration 10 validates scalability across distributed node clusters and low-power hardware.,"1. An autonomous unmanned aerial vehicle comprising a flight control processor, rotor actuators, and sensors configured to compute dynamic aerodynamic trajectories. 2. The system of claim 1, further comprising automated feature selection step #10.",Aerospace & Drone Avionics,B64C 39/02,"Unmanned aerial vehicles, quadcopter drone flight control, rotor craft"
US11848050B2,Convolutional Neural Network Hardware Accelerator for Real-Time Edge Image Processing (Spec #017 - Ref_343),A neuromorphic integrated circuit utilizing non-volatile memory cells as synaptic weights for high-throughput spiking neural network computation. Section iteration 17 validates scalability across distributed node clusters and low-power hardware.,"1. A hardware accelerator chip comprising a matrix multiplication unit, activation function logic, and high-bandwidth memory interfaces configured for neural network inference. 2. The system of claim 1, further comprising automated feature selection step #17.",Artificial Intelligence & Machine Learning,G06N 3/02,"Neural network hardware architectures, artificial neural networks, computing chips"
US11850698B2,Electrochemical Biosensor Cartridge for Quantitative Blood Glucose and Biomarker Measurement (Spec #009 - Ref_392),Diagnostic biosensor platforms comprising microfluidic reaction channels and immobilised antibodies configured for quantitative optical fluorescence immunoassay analysis. Section iteration 9 validates scalability across distributed node clusters and low-power hardware.,"1. A point-of-care medical diagnostic instrument comprising fluidic actuators, temperature control elements, and fluorescence detection optics. 2. The system of claim 1, further comprising automated feature selection step #9.",Medical Devices & Healthcare Technology,G01N 33/50,"Biological assay testing, biosensors, chemical analysis diagnostic devices"
US11847857B2,Supervised Machine Learning Classifier with Dynamic Loss Function Optimization (Spec #041 - Ref_515),"A computer-implemented system configured to receive input feature vectors, apply dimensionality reduction, and evaluate statistical classifier loss metrics. Section iteration 41 validates scalability across distributed node clusters and low-power hardware.","1. A pattern recognition system comprising a data processor, memory storing a machine learning classifier model, and instructions to evaluate probability distributions over feature spaces. 2. The system of claim 1, further comprising automated feature selection step #41.",Artificial Intelligence & Machine Learning,G06F 18/20,"Pattern recognition, machine learning classifiers, statistical feature extraction"
US11851095B2,Chemical Mechanical Planarization Tool with Real-Time Wafer Polishing Monitoring (Spec #016 - Ref_915),A process for depositing high-k dielectric layers on silicon substrates using atomic layer deposition chambers with precise precursor gas pulses. Section iteration 16 validates scalability across distributed node clusters and low-power hardware.,"1. A semiconductor processing chamber comprising gas distribution showerheads, plasma generation electrodes, and vacuum exhaust systems. 2. The system of claim 1, further comprising automated feature selection step #16.",Semiconductors & Integrated Circuits,H01L 21/00,"Semiconductor device fabrication, lithography, integrated circuit processing"
US11848810B2,Recombinant Plasmid Vector for Targeted CRISPR-Cas9 Gene Editing Assays (Spec #014 - Ref_768),Synthetic nucleic acid constructs encoding Cas endonuclease proteins and guide RNA sequences for high-efficiency eukaryotic genome modification. Section iteration 14 validates scalability across distributed node clusters and low-power hardware.,"1. A recombinant nucleic acid molecule comprising a promoter sequence, a guide RNA targeting domain, and a Cas9 endonuclease coding sequence configured for genome editing. 2. The system of claim 1, further comprising automated feature selection step #14.",Biotechnology & Genomics,C12N 15/09,"Recombinant DNA technology, genetic engineering vectors, nucleic acid mutation"
US11848091B2,Hardware Inference Accelerator with Quantized Neural Network Processing Units (Spec #022 - Ref_623),Integrated circuit architectures featuring systolic array multiplier units optimized for low-latency deep learning inference on edge computer vision devices. Section iteration 22 validates scalability across distributed node clusters and low-power hardware.,"1. A neuromorphic computing system comprising artificial neuron circuits, synaptic crossbar arrays, and spike-timing-dependent plasticity control modules. 2. The system of claim 1, further comprising automated feature selection step #22.",Artificial Intelligence & Machine Learning,G06N 3/02,"Neural network hardware architectures, artificial neural networks, computing chips"
US11851302B2,Extreme Ultraviolet Lithography Method for Sub-3nm Semiconductor Gate Patterning (Spec #038 - Ref_561),A process for depositing high-k dielectric layers on silicon substrates using atomic layer deposition chambers with precise precursor gas pulses. Section iteration 38 validates scalability across distributed node clusters and low-power hardware.,"1. A semiconductor processing chamber comprising gas distribution showerheads, plasma generation electrodes, and vacuum exhaust systems. 2. The system of claim 1, further comprising automated feature selection step #38.",Semiconductors & Integrated Circuits,H01L 21/00,"Semiconductor device fabrication, lithography, integrated circuit processing"
US11848278B2,Systolic Array Architecture for Low-Power Deep Neural Network Matrix Multiplication (Spec #047 - Ref_605),A hardware accelerator chip comprising an array of processing elements configured to execute parallel matrix-vector multiplications for artificial neural networks. Section iteration 47 validates scalability across distributed node clusters and low-power hardware.,"1. A neuromorphic computing system comprising artificial neuron circuits, synaptic crossbar arrays, and spike-timing-dependent plasticity control modules. 2. The system of claim 1, further comprising automated feature selection step #47.",Artificial Intelligence & Machine Learning,G06N 3/02,"Neural network hardware architectures, artificial neural networks, computing chips"
US11851678B2,Semantic Image Segmentation Architecture for High-Resolution Medical Scans (Spec #035 - Ref_197),"Automated optical inspection systems utilizing high-resolution image sensors, spatial filtering algorithms, and pattern matching models to detect surface defects. Section iteration 35 validates scalability across distributed node clusters and low-power hardware.","1. An image processing method comprising receiving digital video frames, computing optical flow vectors, and generating object bounding box coordinates. 2. The system of claim 1, further comprising automated feature selection step #35.",Computer Vision & Image Processing,G06T 7/00,"Computer vision, image segmentation, pattern analysis, video stream processing"
US11850091B2,Multi-User MIMO Beamforming Controller for High-Throughput Wireless Local Area Networks (Spec #031 - Ref_934),Methods and apparatus for dynamic radio spectrum management across 5G cellular base stations to minimize co-channel interference and packet loss. Section iteration 31 validates scalability across distributed node clusters and low-power hardware.,"1. A wireless access point comprising a MAC layer controller, packet scheduling logic, and physical layer modems supporting high-throughput quadrature amplitude modulation. 2. The system of claim 1, further comprising automated feature selection step #31.",Telecommunications & Wireless Networks,H04W 84/12,"Wireless local area networks, Wi-Fi protocols, 5G/6G cellular transmission"
US11849695B2,Liposomal Pharmaceutical Suspension for Enhanced Bioavailability and Transdermal Delivery (Spec #033 - Ref_454),Novel medicinal formulations comprising organic therapeutic inhibitors combined with pharmaceutically acceptable excipients to achieve controlled therapeutic dosage profiles. Section iteration 33 validates scalability across distributed node clusters and low-power hardware.,"1. An oral drug delivery system comprising an active medicinal compound, a bioadhesive polymer coat, and a pH-dependent enteric release layer. 2. The system of claim 1, further comprising automated feature selection step #33.",Pharmaceuticals & Medicinal Chemistry,A61K 31/00,"Pharmaceutical preparations, medicinal compounds, controlled release formulations"
US11851847B2,Distributed Health Data Processing System for Real-Time Vital Sign Anomaly Detection (Spec #007 - Ref_135),"Computer-implemented clinical decision support platforms configured to aggregate electronic health records, extract clinical parameters using NLP, and predict adverse events. Section iteration 7 validates scalability across distributed node clusters and low-power hardware.","1. A patient monitoring system comprising biosensor telemetry inputs, anomaly detection software algorithms, and automated clinical notification modules. 2. The system of claim 1, further comprising automated feature selection step #7.",Software & Distributed Systems,G16H 50/20,"Healthcare data processing, AI medical decision support, clinical analytics"
US11850824B2,Microfluidic Biochip Diagnostic Sensor for Rapid Immunoassay Target Detection (Spec #027 - Ref_476),Diagnostic biosensor platforms comprising microfluidic reaction channels and immobilised antibodies configured for quantitative optical fluorescence immunoassay analysis. Section iteration 27 validates scalability across distributed node clusters and low-power hardware.,"1. A point-of-care medical diagnostic instrument comprising fluidic actuators, temperature control elements, and fluorescence detection optics. 2. The system of claim 1, further comprising automated feature selection step #27.",Medical Devices & Healthcare Technology,G01N 33/50,"Biological assay testing, biosensors, chemical analysis diagnostic devices"
US11849592B2,Therapeutic Small Molecule Inhibitor Composition for Targeted Enzyme Binding (Spec #017 - Ref_763),"Therapeutic pharmaceutical formulations comprising lipid nanoparticle carriers for enhanced bioavailability, controlled gastric dissolution, and targeted active ingredient release. Section iteration 17 validates scalability across distributed node clusters and low-power hardware.","1. A pharmaceutical composition comprising a therapeutic active ingredient encapsulated within solid lipid nanoparticles and a pharmaceutically acceptable carrier. 2. The system of claim 1, further comprising automated feature selection step #17.",Pharmaceuticals & Medicinal Chemistry,A61K 31/00,"Pharmaceutical preparations, medicinal compounds, controlled release formulations"
US11848700B2,Zero-Knowledge Proof Tokenization Framework for Secure Identity Verification (Spec #050 - Ref_279),Methods for establishing secure mutual authentication between distributed network nodes using zero-knowledge identity assertions and cryptographic key exchange. Section iteration 50 validates scalability across distributed node clusters and low-power hardware.,"1. A secure transaction verification system comprising memory storing private cryptographic keys, token hashing logic, and distributed consensus validation protocols. 2. The system of claim 1, further comprising automated feature selection step #50.","Cryptography, Cybersecurity & Blockchain",H04L 9/32,"Digital signatures, message authentication, cryptographic security protocols"
US11848757B2,Synthetic Messenger RNA Construct with Enhanced Ribosomal Translation Efficiency (Spec #006 - Ref_883),Recombinant genetic vectors comprising synthetic promoter regions and ribosomal binding sites engineered for elevated recombinant protein expression. Section iteration 6 validates scalability across distributed node clusters and low-power hardware.,"1. An engineered DNA vector comprising an expression cassette, a selectable marker gene, and site-specific recombination target sequences. 2. The system of claim 1, further comprising automated feature selection step #6.",Biotechnology & Genomics,C12N 15/09,"Recombinant DNA technology, genetic engineering vectors, nucleic acid mutation"
US11850708B2,Point-of-Care Diagnostic Assay System for Pathogen Nucleic Acid Amplification (Spec #011 - Ref_118),A portable medical diagnostic device comprising electrochemical sensor strips and micro-controller circuitry calibrated for rapid analyte concentration measurement. Section iteration 11 validates scalability across distributed node clusters and low-power hardware.,"1. A diagnostic biosensor device comprising a sample inlet, microfluidic reaction channels containing immobilised capture probes, and an optical photodetector. 2. The system of claim 1, further comprising automated feature selection step #11.",Medical Devices & Healthcare Technology,G01N 33/50,"Biological assay testing, biosensors, chemical analysis diagnostic devices"
US11849411B2,Dynamic Aerodynamic Thrust Control System for Quadcopter Aerial Drones (Spec #042 - Ref_771),An autonomous unmanned aircraft system utilizing LIDAR and ultrasonic range sensors to navigate complex urban airspace while avoiding static and dynamic obstacles. Section iteration 42 validates scalability across distributed node clusters and low-power hardware.,"1. A UAV flight stabilization system comprising an inertial measurement unit, GPS positioning receivers, and electronic motor speed controllers. 2. The system of claim 1, further comprising automated feature selection step #42.",Aerospace & Drone Avionics,B64C 39/02,"Unmanned aerial vehicles, quadcopter drone flight control, rotor craft"
US11848218B2,Neuromorphic Computing Chip Featuring Parallel Synaptic Interconnect Arrays (Spec #038 - Ref_387),A neuromorphic integrated circuit utilizing non-volatile memory cells as synaptic weights for high-throughput spiking neural network computation. Section iteration 38 validates scalability across distributed node clusters and low-power hardware.,"1. A hardware accelerator chip comprising a matrix multiplication unit, activation function logic, and high-bandwidth memory interfaces configured for neural network inference. 2. The system of claim 1, further comprising automated feature selection step #38.",Artificial Intelligence & Machine Learning,G06N 3/02,"Neural network hardware architectures, artificial neural networks, computing chips"
US11848342B2,Post-Quantum Public Key Cryptographic Infrastructure for Network Authentication (Spec #005 - Ref_481),A cryptographic security framework utilizing zero-knowledge proof primitives and elliptic curve digital signatures for decentralized token verification across public ledgers. Section iteration 5 validates scalability across distributed node clusters and low-power hardware.,"1. A computer-implemented method comprising generating zero-knowledge proof tokens, verifying public key hashes, and validating transaction blocks across a peer-to-peer network. 2. The system of claim 1, further comprising automated feature selection step #5.","Cryptography, Cybersecurity & Blockchain",H04L 9/32,"Digital signatures, message authentication, cryptographic security protocols"
US11852052B2,Cloud-Based Healthcare Analytics System for Personalized Treatment Recommendation (Spec #036 - Ref_411),"A health telemetry processing platform comprising wearable patient sensors, cloud data ingest engines, and machine learning models trained on physiological time-series. Section iteration 36 validates scalability across distributed node clusters and low-power hardware.","1. A patient monitoring system comprising biosensor telemetry inputs, anomaly detection software algorithms, and automated clinical notification modules. 2. The system of claim 1, further comprising automated feature selection step #36.",Software & Distributed Systems,G16H 50/20,"Healthcare data processing, AI medical decision support, clinical analytics"
US11851908B2,Clinical Artificial Intelligence Decision Support Platform for Patient Outcome Prediction (Spec #015 - Ref_274),"A health telemetry processing platform comprising wearable patient sensors, cloud data ingest engines, and machine learning models trained on physiological time-series. Section iteration 15 validates scalability across distributed node clusters and low-power hardware.","1. A medical decision support apparatus comprising memory storing patient health records, clinical guideline rule engines, and machine learning risk scoring processors. 2. The system of claim 1, further comprising automated feature selection step #15.",Software & Distributed Systems,G16H 50/20,"Healthcare data processing, AI medical decision support, clinical analytics"
US11851329B2,Extreme Ultraviolet Lithography Method for Sub-3nm Semiconductor Gate Patterning (Spec #042 - Ref_246),Semiconductor manufacturing methods featuring advanced plasma etching and extreme ultraviolet lithography techniques for fabricating nanoscale FinFET transistor gates. Section iteration 42 validates scalability across distributed node clusters and low-power hardware.,"1. A semiconductor processing chamber comprising gas distribution showerheads, plasma generation electrodes, and vacuum exhaust systems. 2. The system of claim 1, further comprising automated feature selection step #42.",Semiconductors & Integrated Circuits,H01L 21/00,"Semiconductor device fabrication, lithography, integrated circuit processing"
US11850986B2,Point-of-Care Diagnostic Assay System for Pathogen Nucleic Acid Amplification (Spec #048 - Ref_515),Diagnostic biosensor platforms comprising microfluidic reaction channels and immobilised antibodies configured for quantitative optical fluorescence immunoassay analysis. Section iteration 48 validates scalability across distributed node clusters and low-power hardware.,"1. A point-of-care medical diagnostic instrument comprising fluidic actuators, temperature control elements, and fluorescence detection optics. 2. The system of claim 1, further comprising automated feature selection step #48.",Medical Devices & Healthcare Technology,G01N 33/50,"Biological assay testing, biosensors, chemical analysis diagnostic devices"
US11848919B2,Engineered Viral Vector for High-Precision Genomic Sequence Insertion (Spec #029 - Ref_671),Synthetic nucleic acid constructs encoding Cas endonuclease proteins and guide RNA sequences for high-efficiency eukaryotic genome modification. Section iteration 29 validates scalability across distributed node clusters and low-power hardware.,"1. A recombinant nucleic acid molecule comprising a promoter sequence, a guide RNA targeting domain, and a Cas9 endonuclease coding sequence configured for genome editing. 2. The system of claim 1, further comprising automated feature selection step #29.",Biotechnology & Genomics,C12N 15/09,"Recombinant DNA technology, genetic engineering vectors, nucleic acid mutation"
US11849261B2,Collision Avoidance Architecture for Swarm Unmanned Aerial Vehicle Navigation (Spec #023 - Ref_594),Avionics control architectures for autonomous quadcopter UAV drones featuring real-time altitude telemetry sensor fusion and dynamic trajectory optimization. Section iteration 23 validates scalability across distributed node clusters and low-power hardware.,"1. An aerial drone navigation apparatus comprising obstacle detection sensors, wireless telemetry links, and trajectory planning algorithms. 2. The system of claim 1, further comprising automated feature selection step #23.",Aerospace & Drone Avionics,B64C 39/02,"Unmanned aerial vehicles, quadcopter drone flight control, rotor craft"
US11850500B2,Predictive Emergency Braking System for Electric Vehicles Using Radar Sensor Fusion (Spec #030 - Ref_757),"An autonomous vehicle control system integrating front-facing camera feeds, radar ranging data, and wheel speed telemetry to execute collision mitigation maneuvers. Section iteration 30 validates scalability across distributed node clusters and low-power hardware.","1. An automated vehicle control system comprising lateral steering controllers, longitudinal speed managers, and sensor fusion modules. 2. The system of claim 1, further comprising automated feature selection step #30.",Automotive & Autonomous Vehicles,B60W 30/00,"Autonomous vehicle guidance, driver assistance, automated steering control"
US11851955B2,Cloud-Based Healthcare Analytics System for Personalized Treatment Recommendation (Spec #021 - Ref_484),"A health telemetry processing platform comprising wearable patient sensors, cloud data ingest engines, and machine learning models trained on physiological time-series. Section iteration 21 validates scalability across distributed node clusters and low-power hardware.","1. A patient monitoring system comprising biosensor telemetry inputs, anomaly detection software algorithms, and automated clinical notification modules. 2. The system of claim 1, further comprising automated feature selection step #21.",Software & Distributed Systems,G16H 50/20,"Healthcare data processing, AI medical decision support, clinical analytics"
US11848346B2,Distributed Ledger Transaction Validation Protocol Using Digital Signature Aggregation (Spec #006 - Ref_541),Methods for establishing secure mutual authentication between distributed network nodes using zero-knowledge identity assertions and cryptographic key exchange. Section iteration 6 validates scalability across distributed node clusters and low-power hardware.,"1. A secure transaction verification system comprising memory storing private cryptographic keys, token hashing logic, and distributed consensus validation protocols. 2. The system of claim 1, further comprising automated feature selection step #6.","Cryptography, Cybersecurity & Blockchain",H04L 9/32,"Digital signatures, message authentication, cryptographic security protocols"
US11849187B2,Autonomous Vertical Takeoff and Landing (VTOL) Flight Control Computer (Spec #015 - Ref_268),An autonomous unmanned aircraft system utilizing LIDAR and ultrasonic range sensors to navigate complex urban airspace while avoiding static and dynamic obstacles. Section iteration 15 validates scalability across distributed node clusters and low-power hardware.,"1. A UAV flight stabilization system comprising an inertial measurement unit, GPS positioning receivers, and electronic motor speed controllers. 2. The system of claim 1, further comprising automated feature selection step #15.",Aerospace & Drone Avionics,B64C 39/02,"Unmanned aerial vehicles, quadcopter drone flight control, rotor craft"
US11849228B2,Autonomous Vertical Takeoff and Landing (VTOL) Flight Control Computer (Spec #018 - Ref_828),A flight control computer configured to adjust multi-rotor motor speeds based on Kalman-filtered inertial measurement unit data. Section iteration 18 validates scalability across distributed node clusters and low-power hardware.,"1. A UAV flight stabilization system comprising an inertial measurement unit, GPS positioning receivers, and electronic motor speed controllers. 2. The system of claim 1, further comprising automated feature selection step #18.",Aerospace & Drone Avionics,B64C 39/02,"Unmanned aerial vehicles, quadcopter drone flight control, rotor craft"
US11848114B2,Spiking Neural Network Processor with On-Chip Synaptic Weight Memory (Spec #025 - Ref_866),A neuromorphic integrated circuit utilizing non-volatile memory cells as synaptic weights for high-throughput spiking neural network computation. Section iteration 25 validates scalability across distributed node clusters and low-power hardware.,"1. A hardware accelerator chip comprising a matrix multiplication unit, activation function logic, and high-bandwidth memory interfaces configured for neural network inference. 2. The system of claim 1, further comprising automated feature selection step #25.",Artificial Intelligence & Machine Learning,G06N 3/02,"Neural network hardware architectures, artificial neural networks, computing chips"
US11851289B2,Extreme Ultraviolet Lithography Method for Sub-3nm Semiconductor Gate Patterning (Spec #037 - Ref_445),A process for depositing high-k dielectric layers on silicon substrates using atomic layer deposition chambers with precise precursor gas pulses. Section iteration 37 validates scalability across distributed node clusters and low-power hardware.,"1. A method of manufacturing a semiconductor device comprising forming fin structures on a silicon substrate, depositing gate dielectrics, and etching gate electrodes. 2. The system of claim 1, further comprising automated feature selection step #37.",Semiconductors & Integrated Circuits,H01L 21/00,"Semiconductor device fabrication, lithography, integrated circuit processing"
US11850867B2,Point-of-Care Diagnostic Assay System for Pathogen Nucleic Acid Amplification (Spec #035 - Ref_247),"A microfluidic biochip system featuring capillary fluidic channels, reagent storage reservoirs, and integrated photodiode detection arrays. Section iteration 35 validates scalability across distributed node clusters and low-power hardware.","1. An electrochemical assay cartridge comprising working and reference electrodes coated with enzymatic reagent layers and readout electronics. 2. The system of claim 1, further comprising automated feature selection step #35.",Medical Devices & Healthcare Technology,G01N 33/50,"Biological assay testing, biosensors, chemical analysis diagnostic devices"
US11848692B2,Decentralized Blockchain Verification Protocol with Zero-Knowledge Proof Signatures (Spec #049 - Ref_600),A cryptographic security framework utilizing zero-knowledge proof primitives and elliptic curve digital signatures for decentralized token verification across public ledgers. Section iteration 49 validates scalability across distributed node clusters and low-power hardware.,"1. A secure transaction verification system comprising memory storing private cryptographic keys, token hashing logic, and distributed consensus validation protocols. 2. The system of claim 1, further comprising automated feature selection step #49.","Cryptography, Cybersecurity & Blockchain",H04L 9/32,"Digital signatures, message authentication, cryptographic security protocols"
US11848295B2,Neuromorphic Computing Chip Featuring Parallel Synaptic Interconnect Arrays (Spec #049 - Ref_183),Integrated circuit architectures featuring systolic array multiplier units optimized for low-latency deep learning inference on edge computer vision devices. Section iteration 49 validates scalability across distributed node clusters and low-power hardware.,"1. A hardware accelerator chip comprising a matrix multiplication unit, activation function logic, and high-bandwidth memory interfaces configured for neural network inference. 2. The system of claim 1, further comprising automated feature selection step #49.",Artificial Intelligence & Machine Learning,G06N 3/02,"Neural network hardware architectures, artificial neural networks, computing chips"
US11850823B2,Point-of-Care Diagnostic Assay System for Pathogen Nucleic Acid Amplification (Spec #026 - Ref_420),A portable medical diagnostic device comprising electrochemical sensor strips and micro-controller circuitry calibrated for rapid analyte concentration measurement. Section iteration 26 validates scalability across distributed node clusters and low-power hardware.,"1. An electrochemical assay cartridge comprising working and reference electrodes coated with enzymatic reagent layers and readout electronics. 2. The system of claim 1, further comprising automated feature selection step #26.",Medical Devices & Healthcare Technology,G01N 33/50,"Biological assay testing, biosensors, chemical analysis diagnostic devices"
US11849709B2,Controlled Release Pharmaceutical Oral Dosage Form Comprising Solid Lipid Nanoparticles (Spec #034 - Ref_644),"Therapeutic pharmaceutical formulations comprising lipid nanoparticle carriers for enhanced bioavailability, controlled gastric dissolution, and targeted active ingredient release. Section iteration 34 validates scalability across distributed node clusters and low-power hardware.","1. A pharmaceutical composition comprising a therapeutic active ingredient encapsulated within solid lipid nanoparticles and a pharmaceutically acceptable carrier. 2. The system of claim 1, further comprising automated feature selection step #34.",Pharmaceuticals & Medicinal Chemistry,A61K 31/00,"Pharmaceutical preparations, medicinal compounds, controlled release formulations"
US11848892B2,Engineered Viral Vector for High-Precision Genomic Sequence Insertion (Spec #024 - Ref_181),Recombinant genetic vectors comprising synthetic promoter regions and ribosomal binding sites engineered for elevated recombinant protein expression. Section iteration 24 validates scalability across distributed node clusters and low-power hardware.,"1. A recombinant nucleic acid molecule comprising a promoter sequence, a guide RNA targeting domain, and a Cas9 endonuclease coding sequence configured for genome editing. 2. The system of claim 1, further comprising automated feature selection step #24.",Biotechnology & Genomics,C12N 15/09,"Recombinant DNA technology, genetic engineering vectors, nucleic acid mutation"
US11850808B2,Electrochemical Biosensor Cartridge for Quantitative Blood Glucose and Biomarker Measurement (Spec #023 - Ref_821),Diagnostic biosensor platforms comprising microfluidic reaction channels and immobilised antibodies configured for quantitative optical fluorescence immunoassay analysis. Section iteration 23 validates scalability across distributed node clusters and low-power hardware.,"1. A diagnostic biosensor device comprising a sample inlet, microfluidic reaction channels containing immobilised capture probes, and an optical photodetector. 2. The system of claim 1, further comprising automated feature selection step #23.",Medical Devices & Healthcare Technology,G01N 33/50,"Biological assay testing, biosensors, chemical analysis diagnostic devices"
US11848792B2,Synthetic Messenger RNA Construct with Enhanced Ribosomal Translation Efficiency (Spec #012 - Ref_289),Synthetic nucleic acid constructs encoding Cas endonuclease proteins and guide RNA sequences for high-efficiency eukaryotic genome modification. Section iteration 12 validates scalability across distributed node clusters and low-power hardware.,"1. A synthetic genetic construct comprising a therapeutic nucleotide sequence linked to an inducible promoter and viral packaging signals. 2. The system of claim 1, further comprising automated feature selection step #12.",Biotechnology & Genomics,C12N 15/09,"Recombinant DNA technology, genetic engineering vectors, nucleic acid mutation"
US11848604B2,Post-Quantum Public Key Cryptographic Infrastructure for Network Authentication (Spec #039 - Ref_788),A cryptographic security framework utilizing zero-knowledge proof primitives and elliptic curve digital signatures for decentralized token verification across public ledgers. Section iteration 39 validates scalability across distributed node clusters and low-power hardware.,"1. A computer-implemented method comprising generating zero-knowledge proof tokens, verifying public key hashes, and validating transaction blocks across a peer-to-peer network. 2. The system of claim 1, further comprising automated feature selection step #39.","Cryptography, Cybersecurity & Blockchain",H04L 9/32,"Digital signatures, message authentication, cryptographic security protocols"
US11848205B2,Systolic Array Architecture for Low-Power Deep Neural Network Matrix Multiplication (Spec #037 - Ref_779),Integrated circuit architectures featuring systolic array multiplier units optimized for low-latency deep learning inference on edge computer vision devices. Section iteration 37 validates scalability across distributed node clusters and low-power hardware.,"1. A neuromorphic computing system comprising artificial neuron circuits, synaptic crossbar arrays, and spike-timing-dependent plasticity control modules. 2. The system of claim 1, further comprising automated feature selection step #37.",Artificial Intelligence & Machine Learning,G06N 3/02,"Neural network hardware architectures, artificial neural networks, computing chips"
US11848770B2,Multiplexed Guide RNA Gene Delivery Architecture for Therapeutic Endonuclease Expression (Spec #007 - Ref_719),Recombinant genetic vectors comprising synthetic promoter regions and ribosomal binding sites engineered for elevated recombinant protein expression. Section iteration 7 validates scalability across distributed node clusters and low-power hardware.,"1. A recombinant nucleic acid molecule comprising a promoter sequence, a guide RNA targeting domain, and a Cas9 endonuclease coding sequence configured for genome editing. 2. The system of claim 1, further comprising automated feature selection step #7.",Biotechnology & Genomics,C12N 15/09,"Recombinant DNA technology, genetic engineering vectors, nucleic acid mutation"
US11847944B2,Systolic Array Architecture for Low-Power Deep Neural Network Matrix Multiplication (Spec #002 - Ref_567),A hardware accelerator chip comprising an array of processing elements configured to execute parallel matrix-vector multiplications for artificial neural networks. Section iteration 2 validates scalability across distributed node clusters and low-power hardware.,"1. A hardware accelerator chip comprising a matrix multiplication unit, activation function logic, and high-bandwidth memory interfaces configured for neural network inference. 2. The system of claim 1, further comprising automated feature selection step #2.",Artificial Intelligence & Machine Learning,G06N 3/02,"Neural network hardware architectures, artificial neural networks, computing chips"
US11851398B2,3D Depth Map Estimation System for Autonomous Computer Vision Sensors (Spec #003 - Ref_787),"Computer vision methods and systems for segmenting digital video frames, bounding detected objects, and computing feature trajectories using deep neural networks. Section iteration 3 validates scalability across distributed node clusters and low-power hardware.","1. A 3D vision system comprising stereoscopic cameras, depth map calculation units, and point cloud feature extraction processors. 2. The system of claim 1, further comprising automated feature selection step #3.",Computer Vision & Image Processing,G06T 7/00,"Computer vision, image segmentation, pattern analysis, video stream processing"
US11849068B2,Recombinant Plasmid Vector for Targeted CRISPR-Cas9 Gene Editing Assays (Spec #048 - Ref_171),Synthetic nucleic acid constructs encoding Cas endonuclease proteins and guide RNA sequences for high-efficiency eukaryotic genome modification. Section iteration 48 validates scalability across distributed node clusters and low-power hardware.,"1. A recombinant nucleic acid molecule comprising a promoter sequence, a guide RNA targeting domain, and a Cas9 endonuclease coding sequence configured for genome editing. 2. The system of claim 1, further comprising automated feature selection step #48.",Biotechnology & Genomics,C12N 15/09,"Recombinant DNA technology, genetic engineering vectors, nucleic acid mutation"
US11850962B2,Point-of-Care Diagnostic Assay System for Pathogen Nucleic Acid Amplification (Spec #045 - Ref_657),A portable medical diagnostic device comprising electrochemical sensor strips and micro-controller circuitry calibrated for rapid analyte concentration measurement. Section iteration 45 validates scalability across distributed node clusters and low-power hardware.,"1. A point-of-care medical diagnostic instrument comprising fluidic actuators, temperature control elements, and fluorescence detection optics. 2. The system of claim 1, further comprising automated feature selection step #45.",Medical Devices & Healthcare Technology,G01N 33/50,"Biological assay testing, biosensors, chemical analysis diagnostic devices"
US11852081B2,Cloud-Based Healthcare Analytics System for Personalized Treatment Recommendation (Spec #038 - Ref_673),Methods for analyzing unstructured clinical progress notes using natural language processing to extract diagnostic codes and recommend therapeutic interventions. Section iteration 38 validates scalability across distributed node clusters and low-power hardware.,"1. A patient monitoring system comprising biosensor telemetry inputs, anomaly detection software algorithms, and automated clinical notification modules. 2. The system of claim 1, further comprising automated feature selection step #38.",Software & Distributed Systems,G16H 50/20,"Healthcare data processing, AI medical decision support, clinical analytics"
US11849980B2,Dynamic Channel Allocation Protocol for 5G Millimeter Wave Base Stations (Spec #016 - Ref_331),A wireless transceiver system operating in unlicensed millimeter-wave frequencies utilizing spatial division multiplexing and digital pre-distortion. Section iteration 16 validates scalability across distributed node clusters and low-power hardware.,"1. A wireless access point comprising a MAC layer controller, packet scheduling logic, and physical layer modems supporting high-throughput quadrature amplitude modulation. 2. The system of claim 1, further comprising automated feature selection step #16.",Telecommunications & Wireless Networks,H04W 84/12,"Wireless local area networks, Wi-Fi protocols, 5G/6G cellular transmission"
US11848586B2,Distributed Ledger Transaction Validation Protocol Using Digital Signature Aggregation (Spec #037 - Ref_507),A decentralized blockchain protocol configured to validate digital transaction blocks using multi-signature cryptographic schemes. Section iteration 37 validates scalability across distributed node clusters and low-power hardware.,"1. A secure transaction verification system comprising memory storing private cryptographic keys, token hashing logic, and distributed consensus validation protocols. 2. The system of claim 1, further comprising automated feature selection step #37.","Cryptography, Cybersecurity & Blockchain",H04L 9/32,"Digital signatures, message authentication, cryptographic security protocols"
US11848315B2,Post-Quantum Public Key Cryptographic Infrastructure for Network Authentication (Spec #002 - Ref_464),Methods for establishing secure mutual authentication between distributed network nodes using zero-knowledge identity assertions and cryptographic key exchange. Section iteration 2 validates scalability across distributed node clusters and low-power hardware.,"1. A cryptographic authentication system comprising key generation modules, signature verification processors, and zero-knowledge proof verification algorithms. 2. The system of claim 1, further comprising automated feature selection step #2.","Cryptography, Cybersecurity & Blockchain",H04L 9/32,"Digital signatures, message authentication, cryptographic security protocols"
US11848563B2,Distributed Ledger Transaction Validation Protocol Using Digital Signature Aggregation (Spec #034 - Ref_862),Methods for establishing secure mutual authentication between distributed network nodes using zero-knowledge identity assertions and cryptographic key exchange. Section iteration 34 validates scalability across distributed node clusters and low-power hardware.,"1. A secure transaction verification system comprising memory storing private cryptographic keys, token hashing logic, and distributed consensus validation protocols. 2. The system of claim 1, further comprising automated feature selection step #34.","Cryptography, Cybersecurity & Blockchain",H04L 9/32,"Digital signatures, message authentication, cryptographic security protocols"
US11850578B2,Autonomous Vehicle Lane Keeping Assistance and Automated Steering Controller (Spec #044 - Ref_947),"An autonomous vehicle control system integrating front-facing camera feeds, radar ranging data, and wheel speed telemetry to execute collision mitigation maneuvers. Section iteration 44 validates scalability across distributed node clusters and low-power hardware.","1. An autonomous vehicle guidance system comprising a LIDAR sensor, a camera processor, and an electronic control unit configured to actuate steering and braking systems. 2. The system of claim 1, further comprising automated feature selection step #44.",Automotive & Autonomous Vehicles,B60W 30/00,"Autonomous vehicle guidance, driver assistance, automated steering control"
US11850675B2,Surface Plasmon Resonance Biosensor Device for Real-Time Protein Binding Kinetics (Spec #006 - Ref_755),A portable medical diagnostic device comprising electrochemical sensor strips and micro-controller circuitry calibrated for rapid analyte concentration measurement. Section iteration 6 validates scalability across distributed node clusters and low-power hardware.,"1. A point-of-care medical diagnostic instrument comprising fluidic actuators, temperature control elements, and fluorescence detection optics. 2. The system of claim 1, further comprising automated feature selection step #6.",Medical Devices & Healthcare Technology,G01N 33/50,"Biological assay testing, biosensors, chemical analysis diagnostic devices"
US11849755B2,Nanoparticulate Drug Delivery Carrier for Targeted Active Ingredient Release (Spec #040 - Ref_963),A pharmaceutical composition comprising active therapeutic compounds encapsulated within micro-polymeric matrices designed for extended systemic absorption. Section iteration 40 validates scalability across distributed node clusters and low-power hardware.,"1. An oral drug delivery system comprising an active medicinal compound, a bioadhesive polymer coat, and a pH-dependent enteric release layer. 2. The system of claim 1, further comprising automated feature selection step #40.",Pharmaceuticals & Medicinal Chemistry,A61K 31/00,"Pharmaceutical preparations, medicinal compounds, controlled release formulations"
US11850513B2,Vehicle Trajectory Planning Computer Based on Real-Time LIDAR Point Cloud Processing (Spec #032 - Ref_970),A computerized vehicle guidance system utilizing high-definition maps and real-time sensor streams to navigate complex intersections autonomously. Section iteration 32 validates scalability across distributed node clusters and low-power hardware.,"1. An automated vehicle control system comprising lateral steering controllers, longitudinal speed managers, and sensor fusion modules. 2. The system of claim 1, further comprising automated feature selection step #32.",Automotive & Autonomous Vehicles,B60W 30/00,"Autonomous vehicle guidance, driver assistance, automated steering control"
US11850713B2,Microfluidic Biochip Diagnostic Sensor for Rapid Immunoassay Target Detection (Spec #012 - Ref_772),Diagnostic biosensor platforms comprising microfluidic reaction channels and immobilised antibodies configured for quantitative optical fluorescence immunoassay analysis. Section iteration 12 validates scalability across distributed node clusters and low-power hardware.,"1. A point-of-care medical diagnostic instrument comprising fluidic actuators, temperature control elements, and fluorescence detection optics. 2. The system of claim 1, further comprising automated feature selection step #12.",Medical Devices & Healthcare Technology,G01N 33/50,"Biological assay testing, biosensors, chemical analysis diagnostic devices"
US11848271B2,Convolutional Neural Network Hardware Accelerator for Real-Time Edge Image Processing (Spec #046 - Ref_434),A hardware accelerator chip comprising an array of processing elements configured to execute parallel matrix-vector multiplications for artificial neural networks. Section iteration 46 validates scalability across distributed node clusters and low-power hardware.,"1. A neuromorphic computing system comprising artificial neuron circuits, synaptic crossbar arrays, and spike-timing-dependent plasticity control modules. 2. The system of claim 1, further comprising automated feature selection step #46.",Artificial Intelligence & Machine Learning,G06N 3/02,"Neural network hardware architectures, artificial neural networks, computing chips"
US11849166B2,Avionics Telemetry Sensor Fusion Unit for UAV Altitude and Position Stabilization (Spec #013 - Ref_663),Avionics control architectures for autonomous quadcopter UAV drones featuring real-time altitude telemetry sensor fusion and dynamic trajectory optimization. Section iteration 13 validates scalability across distributed node clusters and low-power hardware.,"1. An autonomous unmanned aerial vehicle comprising a flight control processor, rotor actuators, and sensors configured to compute dynamic aerodynamic trajectories. 2. The system of claim 1, further comprising automated feature selection step #13.",Aerospace & Drone Avionics,B64C 39/02,"Unmanned aerial vehicles, quadcopter drone flight control, rotor craft"
US11851418B2,Semantic Image Segmentation Architecture for High-Resolution Medical Scans (Spec #005 - Ref_548),"Automated optical inspection systems utilizing high-resolution image sensors, spatial filtering algorithms, and pattern matching models to detect surface defects. Section iteration 5 validates scalability across distributed node clusters and low-power hardware.","1. A 3D vision system comprising stereoscopic cameras, depth map calculation units, and point cloud feature extraction processors. 2. The system of claim 1, further comprising automated feature selection step #5.",Computer Vision & Image Processing,G06T 7/00,"Computer vision, image segmentation, pattern analysis, video stream processing"
US11849439B2,Autonomous Flight Trajectory Control System for Multi-Rotor Unmanned Aerial Vehicles (Spec #044 - Ref_293),A flight control computer configured to adjust multi-rotor motor speeds based on Kalman-filtered inertial measurement unit data. Section iteration 44 validates scalability across distributed node clusters and low-power hardware.,"1. A UAV flight stabilization system comprising an inertial measurement unit, GPS positioning receivers, and electronic motor speed controllers. 2. The system of claim 1, further comprising automated feature selection step #44.",Aerospace & Drone Avionics,B64C 39/02,"Unmanned aerial vehicles, quadcopter drone flight control, rotor craft"
US11851812B2,Clinical Artificial Intelligence Decision Support Platform for Patient Outcome Prediction (Spec #003 - Ref_563),"A health telemetry processing platform comprising wearable patient sensors, cloud data ingest engines, and machine learning models trained on physiological time-series. Section iteration 3 validates scalability across distributed node clusters and low-power hardware.","1. A medical decision support apparatus comprising memory storing patient health records, clinical guideline rule engines, and machine learning risk scoring processors. 2. The system of claim 1, further comprising automated feature selection step #3.",Software & Distributed Systems,G16H 50/20,"Healthcare data processing, AI medical decision support, clinical analytics"
US11848305B2,Decentralized Blockchain Verification Protocol with Zero-Knowledge Proof Signatures (Spec #001 - Ref_525),A decentralized blockchain protocol configured to validate digital transaction blocks using multi-signature cryptographic schemes. Section iteration 1 validates scalability across distributed node clusters and low-power hardware.,"1. A cryptographic authentication system comprising key generation modules, signature verification processors, and zero-knowledge proof verification algorithms. 2. The system of claim 1, further comprising automated feature selection step #1.","Cryptography, Cybersecurity & Blockchain",H04L 9/32,"Digital signatures, message authentication, cryptographic security protocols"
US11850164B2,Radio Frequency Carrier Aggregation Controller for Cellular Data Streams (Spec #039 - Ref_399),Wireless communication architectures for multi-user MIMO access points configured to optimize beamforming weights and channel bandwidth allocation in dense Wi-Fi environments. Section iteration 39 validates scalability across distributed node clusters and low-power hardware.,"1. A wireless access point comprising a MAC layer controller, packet scheduling logic, and physical layer modems supporting high-throughput quadrature amplitude modulation. 2. The system of claim 1, further comprising automated feature selection step #39.",Telecommunications & Wireless Networks,H04W 84/12,"Wireless local area networks, Wi-Fi protocols, 5G/6G cellular transmission"
US11852105B2,Cloud-Based Healthcare Analytics System for Personalized Treatment Recommendation (Spec #041 - Ref_917),"Computer-implemented clinical decision support platforms configured to aggregate electronic health records, extract clinical parameters using NLP, and predict adverse events. Section iteration 41 validates scalability across distributed node clusters and low-power hardware.","1. A patient monitoring system comprising biosensor telemetry inputs, anomaly detection software algorithms, and automated clinical notification modules. 2. The system of claim 1, further comprising automated feature selection step #41.",Software & Distributed Systems,G16H 50/20,"Healthcare data processing, AI medical decision support, clinical analytics"
US11849097B2,Dynamic Aerodynamic Thrust Control System for Quadcopter Aerial Drones (Spec #004 - Ref_565),An autonomous unmanned aircraft system utilizing LIDAR and ultrasonic range sensors to navigate complex urban airspace while avoiding static and dynamic obstacles. Section iteration 4 validates scalability across distributed node clusters and low-power hardware.,"1. An autonomous unmanned aerial vehicle comprising a flight control processor, rotor actuators, and sensors configured to compute dynamic aerodynamic trajectories. 2. The system of claim 1, further comprising automated feature selection step #4.",Aerospace & Drone Avionics,B64C 39/02,"Unmanned aerial vehicles, quadcopter drone flight control, rotor craft"
US11849425B2,Autonomous Flight Trajectory Control System for Multi-Rotor Unmanned Aerial Vehicles (Spec #043 - Ref_602),Avionics control architectures for autonomous quadcopter UAV drones featuring real-time altitude telemetry sensor fusion and dynamic trajectory optimization. Section iteration 43 validates scalability across distributed node clusters and low-power hardware.,"1. A UAV flight stabilization system comprising an inertial measurement unit, GPS positioning receivers, and electronic motor speed controllers. 2. The system of claim 1, further comprising automated feature selection step #43.",Aerospace & Drone Avionics,B64C 39/02,"Unmanned aerial vehicles, quadcopter drone flight control, rotor craft"
US11849520B2,Sustained-Release Pharmaceutical Matrix Formulated with Hydrophilic Polymer Excipients (Spec #007 - Ref_864),A pharmaceutical composition comprising active therapeutic compounds encapsulated within micro-polymeric matrices designed for extended systemic absorption. Section iteration 7 validates scalability across distributed node clusters and low-power hardware.,"1. An oral drug delivery system comprising an active medicinal compound, a bioadhesive polymer coat, and a pH-dependent enteric release layer. 2. The system of claim 1, further comprising automated feature selection step #7.",Pharmaceuticals & Medicinal Chemistry,A61K 31/00,"Pharmaceutical preparations, medicinal compounds, controlled release formulations"
US11850629B2,Microfluidic Biochip Diagnostic Sensor for Rapid Immunoassay Target Detection (Spec #001 - Ref_470),Diagnostic biosensor platforms comprising microfluidic reaction channels and immobilised antibodies configured for quantitative optical fluorescence immunoassay analysis. Section iteration 1 validates scalability across distributed node clusters and low-power hardware.,"1. An electrochemical assay cartridge comprising working and reference electrodes coated with enzymatic reagent layers and readout electronics. 2. The system of claim 1, further comprising automated feature selection step #1.",Medical Devices & Healthcare Technology,G01N 33/50,"Biological assay testing, biosensors, chemical analysis diagnostic devices"
US11848505B2,Post-Quantum Public Key Cryptographic Infrastructure for Network Authentication (Spec #027 - Ref_795),A decentralized blockchain protocol configured to validate digital transaction blocks using multi-signature cryptographic schemes. Section iteration 27 validates scalability across distributed node clusters and low-power hardware.,"1. A cryptographic authentication system comprising key generation modules, signature verification processors, and zero-knowledge proof verification algorithms. 2. The system of claim 1, further comprising automated feature selection step #27.","Cryptography, Cybersecurity & Blockchain",H04L 9/32,"Digital signatures, message authentication, cryptographic security protocols"
US11847834B2,Automated Pattern Recognition System Using High-Dimensional Feature Vectors (Spec #037 - Ref_617),Methods and systems for training multi-layer neural network classifiers using dynamic feature extraction from multi-modal sensor arrays to optimize pattern recognition performance. Section iteration 37 validates scalability across distributed node clusters and low-power hardware.,"1. A computer-implemented method comprising receiving sensor data streams, generating feature vectors using a convolutional neural network layer, and computing loss functions based on multi-task attention mechanisms. 2. The system of claim 1, further comprising automated feature selection step #37.",Artificial Intelligence & Machine Learning,G06F 18/20,"Pattern recognition, machine learning classifiers, statistical feature extraction"
US11850967B2,Microfluidic Biochip Diagnostic Sensor for Rapid Immunoassay Target Detection (Spec #046 - Ref_103),A portable medical diagnostic device comprising electrochemical sensor strips and micro-controller circuitry calibrated for rapid analyte concentration measurement. Section iteration 46 validates scalability across distributed node clusters and low-power hardware.,"1. A point-of-care medical diagnostic instrument comprising fluidic actuators, temperature control elements, and fluorescence detection optics. 2. The system of claim 1, further comprising automated feature selection step #46.",Medical Devices & Healthcare Technology,G01N 33/50,"Biological assay testing, biosensors, chemical analysis diagnostic devices"
US11850855B2,Point-of-Care Diagnostic Assay System for Pathogen Nucleic Acid Amplification (Spec #034 - Ref_349),"A microfluidic biochip system featuring capillary fluidic channels, reagent storage reservoirs, and integrated photodiode detection arrays. Section iteration 34 validates scalability across distributed node clusters and low-power hardware.","1. An electrochemical assay cartridge comprising working and reference electrodes coated with enzymatic reagent layers and readout electronics. 2. The system of claim 1, further comprising automated feature selection step #34.",Medical Devices & Healthcare Technology,G01N 33/50,"Biological assay testing, biosensors, chemical analysis diagnostic devices"
US11850583B2,Autonomous Vehicle Lane Keeping Assistance and Automated Steering Controller (Spec #045 - Ref_439),A computerized vehicle guidance system utilizing high-definition maps and real-time sensor streams to navigate complex intersections autonomously. Section iteration 45 validates scalability across distributed node clusters and low-power hardware.,"1. An autonomous vehicle guidance system comprising a LIDAR sensor, a camera processor, and an electronic control unit configured to actuate steering and braking systems. 2. The system of claim 1, further comprising automated feature selection step #45.",Automotive & Autonomous Vehicles,B60W 30/00,"Autonomous vehicle guidance, driver assistance, automated steering control"
US11849021B2,Recombinant Plasmid Vector for Targeted CRISPR-Cas9 Gene Editing Assays (Spec #041 - Ref_717),"Genetic engineering constructs and recombinant DNA vectors optimized for targeted nucleotide cleavage, genomic sequence editing, and gene expression modulation. Section iteration 41 validates scalability across distributed node clusters and low-power hardware.","1. A recombinant nucleic acid molecule comprising a promoter sequence, a guide RNA targeting domain, and a Cas9 endonuclease coding sequence configured for genome editing. 2. The system of claim 1, further comprising automated feature selection step #41.",Biotechnology & Genomics,C12N 15/09,"Recombinant DNA technology, genetic engineering vectors, nucleic acid mutation"
US11851083B2,Chemical Mechanical Planarization Tool with Real-Time Wafer Polishing Monitoring (Spec #015 - Ref_416),A process for depositing high-k dielectric layers on silicon substrates using atomic layer deposition chambers with precise precursor gas pulses. Section iteration 15 validates scalability across distributed node clusters and low-power hardware.,"1. A method of manufacturing a semiconductor device comprising forming fin structures on a silicon substrate, depositing gate dielectrics, and etching gate electrodes. 2. The system of claim 1, further comprising automated feature selection step #15.",Semiconductors & Integrated Circuits,H01L 21/00,"Semiconductor device fabrication, lithography, integrated circuit processing"
US11851736B2,3D Depth Map Estimation System for Autonomous Computer Vision Sensors (Spec #042 - Ref_194),"Computer vision methods and systems for segmenting digital video frames, bounding detected objects, and computing feature trajectories using deep neural networks. Section iteration 42 validates scalability across distributed node clusters and low-power hardware.","1. A computer vision system comprising an image sensor, a GPU frame processor, and software modules configured to segment image frames and classify detected objects. 2. The system of claim 1, further comprising automated feature selection step #42.",Computer Vision & Image Processing,G06T 7/00,"Computer vision, image segmentation, pattern analysis, video stream processing"
US11851868B2,Clinical Artificial Intelligence Decision Support Platform for Patient Outcome Prediction (Spec #009 - Ref_291),Methods for analyzing unstructured clinical progress notes using natural language processing to extract diagnostic codes and recommend therapeutic interventions. Section iteration 9 validates scalability across distributed node clusters and low-power hardware.,"1. A healthcare data processing system comprising a clinical database interface, a natural language processing module, and predictive risk calculation models. 2. The system of claim 1, further comprising automated feature selection step #9.",Software & Distributed Systems,G16H 50/20,"Healthcare data processing, AI medical decision support, clinical analytics"
US11850611B2,Vehicle Trajectory Planning Computer Based on Real-Time LIDAR Point Cloud Processing (Spec #048 - Ref_998),Advanced driver assistance systems for electric vehicles comprising sensor fusion processors configured to compute dynamic vehicle trajectories and actuate automated steering. Section iteration 48 validates scalability across distributed node clusters and low-power hardware.,"1. A vehicle safety apparatus comprising radar ranging sensors, brake actuators, and dynamic collision risk prediction software. 2. The system of claim 1, further comprising automated feature selection step #48.",Automotive & Autonomous Vehicles,B60W 30/00,"Autonomous vehicle guidance, driver assistance, automated steering control"
US11848043B2,Neuromorphic Computing Chip Featuring Parallel Synaptic Interconnect Arrays (Spec #016 - Ref_504),A neuromorphic integrated circuit utilizing non-volatile memory cells as synaptic weights for high-throughput spiking neural network computation. Section iteration 16 validates scalability across distributed node clusters and low-power hardware.,"1. An integrated circuit comprising an array of digital signal processors, on-chip SRAM weight buffers, and control logic executing neural network layers. 2. The system of claim 1, further comprising automated feature selection step #16.",Artificial Intelligence & Machine Learning,G06N 3/02,"Neural network hardware architectures, artificial neural networks, computing chips"
US11849532B2,Liposomal Pharmaceutical Suspension for Enhanced Bioavailability and Transdermal Delivery (Spec #010 - Ref_365),Novel medicinal formulations comprising organic therapeutic inhibitors combined with pharmaceutically acceptable excipients to achieve controlled therapeutic dosage profiles. Section iteration 10 validates scalability across distributed node clusters and low-power hardware.,"1. A pharmaceutical composition comprising a therapeutic active ingredient encapsulated within solid lipid nanoparticles and a pharmaceutically acceptable carrier. 2. The system of claim 1, further comprising automated feature selection step #10.",Pharmaceuticals & Medicinal Chemistry,A61K 31/00,"Pharmaceutical preparations, medicinal compounds, controlled release formulations"
US11848433B2,Decentralized Blockchain Verification Protocol with Zero-Knowledge Proof Signatures (Spec #016 - Ref_952),A cryptographic security framework utilizing zero-knowledge proof primitives and elliptic curve digital signatures for decentralized token verification across public ledgers. Section iteration 16 validates scalability across distributed node clusters and low-power hardware.,"1. A secure transaction verification system comprising memory storing private cryptographic keys, token hashing logic, and distributed consensus validation protocols. 2. The system of claim 1, further comprising automated feature selection step #16.","Cryptography, Cybersecurity & Blockchain",H04L 9/32,"Digital signatures, message authentication, cryptographic security protocols"
US11847737B2,Statistical Pattern Recognition Architecture for High-Frequency Data Vector Mining (Spec #026 - Ref_873),Methods and systems for training multi-layer neural network classifiers using dynamic feature extraction from multi-modal sensor arrays to optimize pattern recognition performance. Section iteration 26 validates scalability across distributed node clusters and low-power hardware.,"1. An automated classification apparatus comprising input interfaces configured to capture raw telemetry, feature selection modules, and a statistical classifier generating class predictions. 2. The system of claim 1, further comprising automated feature selection step #26.",Artificial Intelligence & Machine Learning,G06F 18/20,"Pattern recognition, machine learning classifiers, statistical feature extraction"
US11851586B2,Edge Detection and Boundary Tracking System for Industrial Automated Inspection (Spec #024 - Ref_461),"An image processing system configured to receive multi-camera video streams, apply stereoscopic correspondence algorithms, and construct 3D point cloud representations. Section iteration 24 validates scalability across distributed node clusters and low-power hardware.","1. A computer vision system comprising an image sensor, a GPU frame processor, and software modules configured to segment image frames and classify detected objects. 2. The system of claim 1, further comprising automated feature selection step #24.",Computer Vision & Image Processing,G06T 7/00,"Computer vision, image segmentation, pattern analysis, video stream processing"
US11851074B2,Plasma Atomic Layer Deposition Process for Ultra-Thin Dielectric Film Layers (Spec #012 - Ref_853),A process for depositing high-k dielectric layers on silicon substrates using atomic layer deposition chambers with precise precursor gas pulses. Section iteration 12 validates scalability across distributed node clusters and low-power hardware.,"1. A semiconductor processing chamber comprising gas distribution showerheads, plasma generation electrodes, and vacuum exhaust systems. 2. The system of claim 1, further comprising automated feature selection step #12.",Semiconductors & Integrated Circuits,H01L 21/00,"Semiconductor device fabrication, lithography, integrated circuit processing"
US11848823B2,Multiplexed Guide RNA Gene Delivery Architecture for Therapeutic Endonuclease Expression (Spec #016 - Ref_493),Recombinant genetic vectors comprising synthetic promoter regions and ribosomal binding sites engineered for elevated recombinant protein expression. Section iteration 16 validates scalability across distributed node clusters and low-power hardware.,"1. A synthetic genetic construct comprising a therapeutic nucleotide sequence linked to an inducible promoter and viral packaging signals. 2. The system of claim 1, further comprising automated feature selection step #16.",Biotechnology & Genomics,C12N 15/09,"Recombinant DNA technology, genetic engineering vectors, nucleic acid mutation"
US11847901B2,Supervised Machine Learning Classifier with Dynamic Loss Function Optimization (Spec #046 - Ref_263),A machine learning framework that extracts discriminative feature vectors from complex data streams and classifies operational states using gradient descent algorithms. Section iteration 46 validates scalability across distributed node clusters and low-power hardware.,"1. An automated classification apparatus comprising input interfaces configured to capture raw telemetry, feature selection modules, and a statistical classifier generating class predictions. 2. The system of claim 1, further comprising automated feature selection step #46.",Artificial Intelligence & Machine Learning,G06F 18/20,"Pattern recognition, machine learning classifiers, statistical feature extraction"
US11848280B2,Neuromorphic Computing Chip Featuring Parallel Synaptic Interconnect Arrays (Spec #048 - Ref_489),Integrated circuit architectures featuring systolic array multiplier units optimized for low-latency deep learning inference on edge computer vision devices. Section iteration 48 validates scalability across distributed node clusters and low-power hardware.,"1. A neuromorphic computing system comprising artificial neuron circuits, synaptic crossbar arrays, and spike-timing-dependent plasticity control modules. 2. The system of claim 1, further comprising automated feature selection step #48.",Artificial Intelligence & Machine Learning,G06N 3/02,"Neural network hardware architectures, artificial neural networks, computing chips"
US11850135B2,Ultra-Low Latency Wireless Packet Transmission Architecture for OFDM Networks (Spec #036 - Ref_365),Methods and apparatus for dynamic radio spectrum management across 5G cellular base stations to minimize co-channel interference and packet loss. Section iteration 36 validates scalability across distributed node clusters and low-power hardware.,"1. A wireless access point comprising a MAC layer controller, packet scheduling logic, and physical layer modems supporting high-throughput quadrature amplitude modulation. 2. The system of claim 1, further comprising automated feature selection step #36.",Telecommunications & Wireless Networks,H04W 84/12,"Wireless local area networks, Wi-Fi protocols, 5G/6G cellular transmission"
US11849944B2,Ultra-Low Latency Wireless Packet Transmission Architecture for OFDM Networks (Spec #013 - Ref_101),Methods and apparatus for dynamic radio spectrum management across 5G cellular base stations to minimize co-channel interference and packet loss. Section iteration 13 validates scalability across distributed node clusters and low-power hardware.,"1. A wireless access point comprising a MAC layer controller, packet scheduling logic, and physical layer modems supporting high-throughput quadrature amplitude modulation. 2. The system of claim 1, further comprising automated feature selection step #13.",Telecommunications & Wireless Networks,H04W 84/12,"Wireless local area networks, Wi-Fi protocols, 5G/6G cellular transmission"
US11848858B2,Recombinant Plasmid Vector for Targeted CRISPR-Cas9 Gene Editing Assays (Spec #020 - Ref_108),Synthetic nucleic acid constructs encoding Cas endonuclease proteins and guide RNA sequences for high-efficiency eukaryotic genome modification. Section iteration 20 validates scalability across distributed node clusters and low-power hardware.,"1. An engineered DNA vector comprising an expression cassette, a selectable marker gene, and site-specific recombination target sequences. 2. The system of claim 1, further comprising automated feature selection step #20.",Biotechnology & Genomics,C12N 15/09,"Recombinant DNA technology, genetic engineering vectors, nucleic acid mutation"
US11850876B2,Optofluidic Assay Platform for High-Throughput Single-Cell Fluorescence Monitoring (Spec #036 - Ref_914),"A microfluidic biochip system featuring capillary fluidic channels, reagent storage reservoirs, and integrated photodiode detection arrays. Section iteration 36 validates scalability across distributed node clusters and low-power hardware.","1. A point-of-care medical diagnostic instrument comprising fluidic actuators, temperature control elements, and fluorescence detection optics. 2. The system of claim 1, further comprising automated feature selection step #36.",Medical Devices & Healthcare Technology,G01N 33/50,"Biological assay testing, biosensors, chemical analysis diagnostic devices"
US11851278B2,Extreme Ultraviolet Lithography Method for Sub-3nm Semiconductor Gate Patterning (Spec #036 - Ref_807),A process for depositing high-k dielectric layers on silicon substrates using atomic layer deposition chambers with precise precursor gas pulses. Section iteration 36 validates scalability across distributed node clusters and low-power hardware.,"1. A semiconductor processing chamber comprising gas distribution showerheads, plasma generation electrodes, and vacuum exhaust systems. 2. The system of claim 1, further comprising automated feature selection step #36.",Semiconductors & Integrated Circuits,H01L 21/00,"Semiconductor device fabrication, lithography, integrated circuit processing"
US11850851B2,Surface Plasmon Resonance Biosensor Device for Real-Time Protein Binding Kinetics (Spec #032 - Ref_805),"A microfluidic biochip system featuring capillary fluidic channels, reagent storage reservoirs, and integrated photodiode detection arrays. Section iteration 32 validates scalability across distributed node clusters and low-power hardware.","1. An electrochemical assay cartridge comprising working and reference electrodes coated with enzymatic reagent layers and readout electronics. 2. The system of claim 1, further comprising automated feature selection step #32.",Medical Devices & Healthcare Technology,G01N 33/50,"Biological assay testing, biosensors, chemical analysis diagnostic devices"
US11849568B2,Therapeutic Small Molecule Inhibitor Composition for Targeted Enzyme Binding (Spec #014 - Ref_267),A pharmaceutical composition comprising active therapeutic compounds encapsulated within micro-polymeric matrices designed for extended systemic absorption. Section iteration 14 validates scalability across distributed node clusters and low-power hardware.,"1. A therapeutic formulation comprising effective amounts of an enzymatic inhibitor compound combined with stabilizing excipient salts. 2. The system of claim 1, further comprising automated feature selection step #14.",Pharmaceuticals & Medicinal Chemistry,A61K 31/00,"Pharmaceutical preparations, medicinal compounds, controlled release formulations"
US11849818B2,Liposomal Pharmaceutical Suspension for Enhanced Bioavailability and Transdermal Delivery (Spec #049 - Ref_363),"Therapeutic pharmaceutical formulations comprising lipid nanoparticle carriers for enhanced bioavailability, controlled gastric dissolution, and targeted active ingredient release. Section iteration 49 validates scalability across distributed node clusters and low-power hardware.","1. A pharmaceutical composition comprising a therapeutic active ingredient encapsulated within solid lipid nanoparticles and a pharmaceutically acceptable carrier. 2. The system of claim 1, further comprising automated feature selection step #49.",Pharmaceuticals & Medicinal Chemistry,A61K 31/00,"Pharmaceutical preparations, medicinal compounds, controlled release formulations"
US11851007B2,High-Density Through-Silicon Via (TSV) Interconnect Fabrication Protocol (Spec #004 - Ref_178),"Integrated circuit manufacturing tools comprising wafer positioning stages, chemical slurry dispensers, and optical endpoint detection sensors for planarization. Section iteration 4 validates scalability across distributed node clusters and low-power hardware.","1. A method of manufacturing a semiconductor device comprising forming fin structures on a silicon substrate, depositing gate dielectrics, and etching gate electrodes. 2. The system of claim 1, further comprising automated feature selection step #4.",Semiconductors & Integrated Circuits,H01L 21/00,"Semiconductor device fabrication, lithography, integrated circuit processing"
US11851248B2,Plasma Atomic Layer Deposition Process for Ultra-Thin Dielectric Film Layers (Spec #032 - Ref_648),Semiconductor manufacturing methods featuring advanced plasma etching and extreme ultraviolet lithography techniques for fabricating nanoscale FinFET transistor gates. Section iteration 32 validates scalability across distributed node clusters and low-power hardware.,"1. An integrated circuit fabrication process comprising etching through-silicon vias, depositing barrier metal layers, and electroplating copper interconnects. 2. The system of claim 1, further comprising automated feature selection step #32.",Semiconductors & Integrated Circuits,H01L 21/00,"Semiconductor device fabrication, lithography, integrated circuit processing"
US11848027B2,Spiking Neural Network Processor with On-Chip Synaptic Weight Memory (Spec #014 - Ref_843),A hardware accelerator chip comprising an array of processing elements configured to execute parallel matrix-vector multiplications for artificial neural networks. Section iteration 14 validates scalability across distributed node clusters and low-power hardware.,"1. A hardware accelerator chip comprising a matrix multiplication unit, activation function logic, and high-bandwidth memory interfaces configured for neural network inference. 2. The system of claim 1, further comprising automated feature selection step #14.",Artificial Intelligence & Machine Learning,G06N 3/02,"Neural network hardware architectures, artificial neural networks, computing chips"
US11850992B2,Extreme Ultraviolet Lithography Method for Sub-3nm Semiconductor Gate Patterning (Spec #001 - Ref_197),Semiconductor manufacturing methods featuring advanced plasma etching and extreme ultraviolet lithography techniques for fabricating nanoscale FinFET transistor gates. Section iteration 1 validates scalability across distributed node clusters and low-power hardware.,"1. A method of manufacturing a semiconductor device comprising forming fin structures on a silicon substrate, depositing gate dielectrics, and etching gate electrodes. 2. The system of claim 1, further comprising automated feature selection step #1.",Semiconductors & Integrated Circuits,H01L 21/00,"Semiconductor device fabrication, lithography, integrated circuit processing"
US11851574B2,Facial Feature Extraction and Biometric Verification Engine for Video Surveillance (Spec #023 - Ref_258),"An image processing system configured to receive multi-camera video streams, apply stereoscopic correspondence algorithms, and construct 3D point cloud representations. Section iteration 23 validates scalability across distributed node clusters and low-power hardware.","1. A computer vision system comprising an image sensor, a GPU frame processor, and software modules configured to segment image frames and classify detected objects. 2. The system of claim 1, further comprising automated feature selection step #23.",Computer Vision & Image Processing,G06T 7/00,"Computer vision, image segmentation, pattern analysis, video stream processing"
US11851793B2,Facial Feature Extraction and Biometric Verification Engine for Video Surveillance (Spec #049 - Ref_934),"Automated optical inspection systems utilizing high-resolution image sensors, spatial filtering algorithms, and pattern matching models to detect surface defects. Section iteration 49 validates scalability across distributed node clusters and low-power hardware.","1. An image processing method comprising receiving digital video frames, computing optical flow vectors, and generating object bounding box coordinates. 2. The system of claim 1, further comprising automated feature selection step #49.",Computer Vision & Image Processing,G06T 7/00,"Computer vision, image segmentation, pattern analysis, video stream processing"
US11851509B2,Real-Time Video Object Detection and Tracking System Using Deep Convolutional Networks (Spec #014 - Ref_963),"Computer vision methods and systems for segmenting digital video frames, bounding detected objects, and computing feature trajectories using deep neural networks. Section iteration 14 validates scalability across distributed node clusters and low-power hardware.","1. A 3D vision system comprising stereoscopic cameras, depth map calculation units, and point cloud feature extraction processors. 2. The system of claim 1, further comprising automated feature selection step #14.",Computer Vision & Image Processing,G06T 7/00,"Computer vision, image segmentation, pattern analysis, video stream processing"
US11849889B2,Dynamic Channel Allocation Protocol for 5G Millimeter Wave Base Stations (Spec #005 - Ref_363),A wireless transceiver system operating in unlicensed millimeter-wave frequencies utilizing spatial division multiplexing and digital pre-distortion. Section iteration 5 validates scalability across distributed node clusters and low-power hardware.,"1. A wireless communication device comprising a multi-antenna array, a radio frequency transceiver, and a baseband processor configured to generate beamforming spatial weights. 2. The system of claim 1, further comprising automated feature selection step #5.",Telecommunications & Wireless Networks,H04W 84/12,"Wireless local area networks, Wi-Fi protocols, 5G/6G cellular transmission"
US11852000B2,Electronic Health Record NLP Analytics Engine for Automated Clinical Coding (Spec #026 - Ref_220),Methods for analyzing unstructured clinical progress notes using natural language processing to extract diagnostic codes and recommend therapeutic interventions. Section iteration 26 validates scalability across distributed node clusters and low-power hardware.,"1. A healthcare data processing system comprising a clinical database interface, a natural language processing module, and predictive risk calculation models. 2. The system of claim 1, further comprising automated feature selection step #26.",Software & Distributed Systems,G16H 50/20,"Healthcare data processing, AI medical decision support, clinical analytics"
US11851941B2,Electronic Health Record NLP Analytics Engine for Automated Clinical Coding (Spec #020 - Ref_209),"A health telemetry processing platform comprising wearable patient sensors, cloud data ingest engines, and machine learning models trained on physiological time-series. Section iteration 20 validates scalability across distributed node clusters and low-power hardware.","1. A patient monitoring system comprising biosensor telemetry inputs, anomaly detection software algorithms, and automated clinical notification modules. 2. The system of claim 1, further comprising automated feature selection step #20.",Software & Distributed Systems,G16H 50/20,"Healthcare data processing, AI medical decision support, clinical analytics"
US11850990B2,Point-of-Care Diagnostic Assay System for Pathogen Nucleic Acid Amplification (Spec #050 - Ref_722),Diagnostic biosensor platforms comprising microfluidic reaction channels and immobilised antibodies configured for quantitative optical fluorescence immunoassay analysis. Section iteration 50 validates scalability across distributed node clusters and low-power hardware.,"1. A point-of-care medical diagnostic instrument comprising fluidic actuators, temperature control elements, and fluorescence detection optics. 2. The system of claim 1, further comprising automated feature selection step #50.",Medical Devices & Healthcare Technology,G01N 33/50,"Biological assay testing, biosensors, chemical analysis diagnostic devices"
US11848774B2,Recombinant Plasmid Vector for Targeted CRISPR-Cas9 Gene Editing Assays (Spec #009 - Ref_112),"Genetic engineering constructs and recombinant DNA vectors optimized for targeted nucleotide cleavage, genomic sequence editing, and gene expression modulation. Section iteration 9 validates scalability across distributed node clusters and low-power hardware.","1. An engineered DNA vector comprising an expression cassette, a selectable marker gene, and site-specific recombination target sequences. 2. The system of claim 1, further comprising automated feature selection step #9.",Biotechnology & Genomics,C12N 15/09,"Recombinant DNA technology, genetic engineering vectors, nucleic acid mutation"
US11848422B2,Zero-Knowledge Proof Tokenization Framework for Secure Identity Verification (Spec #015 - Ref_552),A cryptographic security framework utilizing zero-knowledge proof primitives and elliptic curve digital signatures for decentralized token verification across public ledgers. Section iteration 15 validates scalability across distributed node clusters and low-power hardware.,"1. A cryptographic authentication system comprising key generation modules, signature verification processors, and zero-knowledge proof verification algorithms. 2. The system of claim 1, further comprising automated feature selection step #15.","Cryptography, Cybersecurity & Blockchain",H04L 9/32,"Digital signatures, message authentication, cryptographic security protocols"
US11851052B2,3D FinFET Transistor Fabrication Process Featuring Gate-All-Around Architecture (Spec #010 - Ref_331),A process for depositing high-k dielectric layers on silicon substrates using atomic layer deposition chambers with precise precursor gas pulses. Section iteration 10 validates scalability across distributed node clusters and low-power hardware.,"1. A semiconductor processing chamber comprising gas distribution showerheads, plasma generation electrodes, and vacuum exhaust systems. 2. The system of claim 1, further comprising automated feature selection step #10.",Semiconductors & Integrated Circuits,H01L 21/00,"Semiconductor device fabrication, lithography, integrated circuit processing"
US11849008B2,Multiplexed Guide RNA Gene Delivery Architecture for Therapeutic Endonuclease Expression (Spec #040 - Ref_164),Synthetic nucleic acid constructs encoding Cas endonuclease proteins and guide RNA sequences for high-efficiency eukaryotic genome modification. Section iteration 40 validates scalability across distributed node clusters and low-power hardware.,"1. A synthetic genetic construct comprising a therapeutic nucleotide sequence linked to an inducible promoter and viral packaging signals. 2. The system of claim 1, further comprising automated feature selection step #40.",Biotechnology & Genomics,C12N 15/09,"Recombinant DNA technology, genetic engineering vectors, nucleic acid mutation"
US11852024B2,Clinical Artificial Intelligence Decision Support Platform for Patient Outcome Prediction (Spec #032 - Ref_408),"Computer-implemented clinical decision support platforms configured to aggregate electronic health records, extract clinical parameters using NLP, and predict adverse events. Section iteration 32 validates scalability across distributed node clusters and low-power hardware.","1. A patient monitoring system comprising biosensor telemetry inputs, anomaly detection software algorithms, and automated clinical notification modules. 2. The system of claim 1, further comprising automated feature selection step #32.",Software & Distributed Systems,G16H 50/20,"Healthcare data processing, AI medical decision support, clinical analytics"
US11850488B2,Predictive Emergency Braking System for Electric Vehicles Using Radar Sensor Fusion (Spec #029 - Ref_404),Advanced driver assistance systems for electric vehicles comprising sensor fusion processors configured to compute dynamic vehicle trajectories and actuate automated steering. Section iteration 29 validates scalability across distributed node clusters and low-power hardware.,"1. A vehicle safety apparatus comprising radar ranging sensors, brake actuators, and dynamic collision risk prediction software. 2. The system of claim 1, further comprising automated feature selection step #29.",Automotive & Autonomous Vehicles,B60W 30/00,"Autonomous vehicle guidance, driver assistance, automated steering control"
US11850251B2,Adaptive Modulation and Coding Scheme for High-Density Wi-Fi Access Points (Spec #050 - Ref_981),Wireless communication architectures for multi-user MIMO access points configured to optimize beamforming weights and channel bandwidth allocation in dense Wi-Fi environments. Section iteration 50 validates scalability across distributed node clusters and low-power hardware.,"1. A cellular transmission system comprising base station controllers, channel state feedback analyzers, and adaptive power control circuits. 2. The system of claim 1, further comprising automated feature selection step #50.",Telecommunications & Wireless Networks,H04W 84/12,"Wireless local area networks, Wi-Fi protocols, 5G/6G cellular transmission"
US11847959B2,Convolutional Neural Network Hardware Accelerator for Real-Time Edge Image Processing (Spec #003 - Ref_783),Integrated circuit architectures featuring systolic array multiplier units optimized for low-latency deep learning inference on edge computer vision devices. Section iteration 3 validates scalability across distributed node clusters and low-power hardware.,"1. A hardware accelerator chip comprising a matrix multiplication unit, activation function logic, and high-bandwidth memory interfaces configured for neural network inference. 2. The system of claim 1, further comprising automated feature selection step #3.",Artificial Intelligence & Machine Learning,G06N 3/02,"Neural network hardware architectures, artificial neural networks, computing chips"
US11850942B2,Point-of-Care Diagnostic Assay System for Pathogen Nucleic Acid Amplification (Spec #043 - Ref_739),"A microfluidic biochip system featuring capillary fluidic channels, reagent storage reservoirs, and integrated photodiode detection arrays. Section iteration 43 validates scalability across distributed node clusters and low-power hardware.","1. A diagnostic biosensor device comprising a sample inlet, microfluidic reaction channels containing immobilised capture probes, and an optical photodetector. 2. The system of claim 1, further comprising automated feature selection step #43.",Medical Devices & Healthcare Technology,G01N 33/50,"Biological assay testing, biosensors, chemical analysis diagnostic devices"
US11847853B2,System and Method for Deep Learning Feature Classification in Multi-Modal Sensor Networks (Spec #040 - Ref_936),"A computer-implemented system configured to receive input feature vectors, apply dimensionality reduction, and evaluate statistical classifier loss metrics. Section iteration 40 validates scalability across distributed node clusters and low-power hardware.","1. A pattern recognition system comprising a data processor, memory storing a machine learning classifier model, and instructions to evaluate probability distributions over feature spaces. 2. The system of claim 1, further comprising automated feature selection step #40.",Artificial Intelligence & Machine Learning,G06F 18/20,"Pattern recognition, machine learning classifiers, statistical feature extraction"
US11852008B2,Distributed Health Data Processing System for Real-Time Vital Sign Anomaly Detection (Spec #027 - Ref_957),"A health telemetry processing platform comprising wearable patient sensors, cloud data ingest engines, and machine learning models trained on physiological time-series. Section iteration 27 validates scalability across distributed node clusters and low-power hardware.","1. A medical decision support apparatus comprising memory storing patient health records, clinical guideline rule engines, and machine learning risk scoring processors. 2. The system of claim 1, further comprising automated feature selection step #27.",Software & Distributed Systems,G16H 50/20,"Healthcare data processing, AI medical decision support, clinical analytics"
US11851456B2,Edge Detection and Boundary Tracking System for Industrial Automated Inspection (Spec #010 - Ref_677),"An image processing system configured to receive multi-camera video streams, apply stereoscopic correspondence algorithms, and construct 3D point cloud representations. Section iteration 10 validates scalability across distributed node clusters and low-power hardware.","1. A 3D vision system comprising stereoscopic cameras, depth map calculation units, and point cloud feature extraction processors. 2. The system of claim 1, further comprising automated feature selection step #10.",Computer Vision & Image Processing,G06T 7/00,"Computer vision, image segmentation, pattern analysis, video stream processing"
US11848000B2,Convolutional Neural Network Hardware Accelerator for Real-Time Edge Image Processing (Spec #009 - Ref_695),Integrated circuit architectures featuring systolic array multiplier units optimized for low-latency deep learning inference on edge computer vision devices. Section iteration 9 validates scalability across distributed node clusters and low-power hardware.,"1. A hardware accelerator chip comprising a matrix multiplication unit, activation function logic, and high-bandwidth memory interfaces configured for neural network inference. 2. The system of claim 1, further comprising automated feature selection step #9.",Artificial Intelligence & Machine Learning,G06N 3/02,"Neural network hardware architectures, artificial neural networks, computing chips"
US11848890B2,Multiplexed Guide RNA Gene Delivery Architecture for Therapeutic Endonuclease Expression (Spec #023 - Ref_952),"Genetic engineering constructs and recombinant DNA vectors optimized for targeted nucleotide cleavage, genomic sequence editing, and gene expression modulation. Section iteration 23 validates scalability across distributed node clusters and low-power hardware.","1. A recombinant nucleic acid molecule comprising a promoter sequence, a guide RNA targeting domain, and a Cas9 endonuclease coding sequence configured for genome editing. 2. The system of claim 1, further comprising automated feature selection step #23.",Biotechnology & Genomics,C12N 15/09,"Recombinant DNA technology, genetic engineering vectors, nucleic acid mutation"
US11849134B2,Autonomous Vertical Takeoff and Landing (VTOL) Flight Control Computer (Spec #008 - Ref_815),A flight control computer configured to adjust multi-rotor motor speeds based on Kalman-filtered inertial measurement unit data. Section iteration 8 validates scalability across distributed node clusters and low-power hardware.,"1. A UAV flight stabilization system comprising an inertial measurement unit, GPS positioning receivers, and electronic motor speed controllers. 2. The system of claim 1, further comprising automated feature selection step #8.",Aerospace & Drone Avionics,B64C 39/02,"Unmanned aerial vehicles, quadcopter drone flight control, rotor craft"
US11849317B2,Dynamic Aerodynamic Thrust Control System for Quadcopter Aerial Drones (Spec #029 - Ref_607),Avionics control architectures for autonomous quadcopter UAV drones featuring real-time altitude telemetry sensor fusion and dynamic trajectory optimization. Section iteration 29 validates scalability across distributed node clusters and low-power hardware.,"1. An aerial drone navigation apparatus comprising obstacle detection sensors, wireless telemetry links, and trajectory planning algorithms. 2. The system of claim 1, further comprising automated feature selection step #29.",Aerospace & Drone Avionics,B64C 39/02,"Unmanned aerial vehicles, quadcopter drone flight control, rotor craft"
US11848322B2,Decentralized Blockchain Verification Protocol with Zero-Knowledge Proof Signatures (Spec #003 - Ref_604),Methods for establishing secure mutual authentication between distributed network nodes using zero-knowledge identity assertions and cryptographic key exchange. Section iteration 3 validates scalability across distributed node clusters and low-power hardware.,"1. A cryptographic authentication system comprising key generation modules, signature verification processors, and zero-knowledge proof verification algorithms. 2. The system of claim 1, further comprising automated feature selection step #3.","Cryptography, Cybersecurity & Blockchain",H04L 9/32,"Digital signatures, message authentication, cryptographic security protocols"
US11851767B2,3D Depth Map Estimation System for Autonomous Computer Vision Sensors (Spec #045 - Ref_326),"An image processing system configured to receive multi-camera video streams, apply stereoscopic correspondence algorithms, and construct 3D point cloud representations. Section iteration 45 validates scalability across distributed node clusters and low-power hardware.","1. An image processing method comprising receiving digital video frames, computing optical flow vectors, and generating object bounding box coordinates. 2. The system of claim 1, further comprising automated feature selection step #45.",Computer Vision & Image Processing,G06T 7/00,"Computer vision, image segmentation, pattern analysis, video stream processing"
US11850806B2,Optofluidic Assay Platform for High-Throughput Single-Cell Fluorescence Monitoring (Spec #022 - Ref_949),"A microfluidic biochip system featuring capillary fluidic channels, reagent storage reservoirs, and integrated photodiode detection arrays. Section iteration 22 validates scalability across distributed node clusters and low-power hardware.","1. A point-of-care medical diagnostic instrument comprising fluidic actuators, temperature control elements, and fluorescence detection optics. 2. The system of claim 1, further comprising automated feature selection step #22.",Medical Devices & Healthcare Technology,G01N 33/50,"Biological assay testing, biosensors, chemical analysis diagnostic devices"
US11848813B2,Multiplexed Guide RNA Gene Delivery Architecture for Therapeutic Endonuclease Expression (Spec #015 - Ref_232),"Genetic engineering constructs and recombinant DNA vectors optimized for targeted nucleotide cleavage, genomic sequence editing, and gene expression modulation. Section iteration 15 validates scalability across distributed node clusters and low-power hardware.","1. A synthetic genetic construct comprising a therapeutic nucleotide sequence linked to an inducible promoter and viral packaging signals. 2. The system of claim 1, further comprising automated feature selection step #15.",Biotechnology & Genomics,C12N 15/09,"Recombinant DNA technology, genetic engineering vectors, nucleic acid mutation"
US11848688B2,Zero-Knowledge Proof Tokenization Framework for Secure Identity Verification (Spec #048 - Ref_877),A cryptographic security framework utilizing zero-knowledge proof primitives and elliptic curve digital signatures for decentralized token verification across public ledgers. Section iteration 48 validates scalability across distributed node clusters and low-power hardware.,"1. A cryptographic authentication system comprising key generation modules, signature verification processors, and zero-knowledge proof verification algorithms. 2. The system of claim 1, further comprising automated feature selection step #48.","Cryptography, Cybersecurity & Blockchain",H04L 9/32,"Digital signatures, message authentication, cryptographic security protocols"
US11847612B2,Multi-Layer Neural Network Classifier for Real-Time Sensor Data Streams (Spec #012 - Ref_594),Methods and systems for training multi-layer neural network classifiers using dynamic feature extraction from multi-modal sensor arrays to optimize pattern recognition performance. Section iteration 12 validates scalability across distributed node clusters and low-power hardware.,"1. A pattern recognition system comprising a data processor, memory storing a machine learning classifier model, and instructions to evaluate probability distributions over feature spaces. 2. The system of claim 1, further comprising automated feature selection step #12.",Artificial Intelligence & Machine Learning,G06F 18/20,"Pattern recognition, machine learning classifiers, statistical feature extraction"
US11850524B2,Predictive Emergency Braking System for Electric Vehicles Using Radar Sensor Fusion (Spec #035 - Ref_926),A computerized vehicle guidance system utilizing high-definition maps and real-time sensor streams to navigate complex intersections autonomously. Section iteration 35 validates scalability across distributed node clusters and low-power hardware.,"1. A vehicle safety apparatus comprising radar ranging sensors, brake actuators, and dynamic collision risk prediction software. 2. The system of claim 1, further comprising automated feature selection step #35.",Automotive & Autonomous Vehicles,B60W 30/00,"Autonomous vehicle guidance, driver assistance, automated steering control"
US11847637B2,System and Method for Deep Learning Feature Classification in Multi-Modal Sensor Networks (Spec #014 - Ref_600),A machine learning framework that extracts discriminative feature vectors from complex data streams and classifies operational states using gradient descent algorithms. Section iteration 14 validates scalability across distributed node clusters and low-power hardware.,"1. An automated classification apparatus comprising input interfaces configured to capture raw telemetry, feature selection modules, and a statistical classifier generating class predictions. 2. The system of claim 1, further comprising automated feature selection step #14.",Artificial Intelligence & Machine Learning,G06F 18/20,"Pattern recognition, machine learning classifiers, statistical feature extraction"
US11852042B2,Electronic Health Record NLP Analytics Engine for Automated Clinical Coding (Spec #034 - Ref_893),"Computer-implemented clinical decision support platforms configured to aggregate electronic health records, extract clinical parameters using NLP, and predict adverse events. Section iteration 34 validates scalability across distributed node clusters and low-power hardware.","1. A healthcare data processing system comprising a clinical database interface, a natural language processing module, and predictive risk calculation models. 2. The system of claim 1, further comprising automated feature selection step #34.",Software & Distributed Systems,G16H 50/20,"Healthcare data processing, AI medical decision support, clinical analytics"
US11851078B2,Chemical Mechanical Planarization Tool with Real-Time Wafer Polishing Monitoring (Spec #013 - Ref_939),A process for depositing high-k dielectric layers on silicon substrates using atomic layer deposition chambers with precise precursor gas pulses. Section iteration 13 validates scalability across distributed node clusters and low-power hardware.,"1. An integrated circuit fabrication process comprising etching through-silicon vias, depositing barrier metal layers, and electroplating copper interconnects. 2. The system of claim 1, further comprising automated feature selection step #13.",Semiconductors & Integrated Circuits,H01L 21/00,"Semiconductor device fabrication, lithography, integrated circuit processing"
US11848629B2,Distributed Ledger Transaction Validation Protocol Using Digital Signature Aggregation (Spec #042 - Ref_686),A decentralized blockchain protocol configured to validate digital transaction blocks using multi-signature cryptographic schemes. Section iteration 42 validates scalability across distributed node clusters and low-power hardware.,"1. A computer-implemented method comprising generating zero-knowledge proof tokens, verifying public key hashes, and validating transaction blocks across a peer-to-peer network. 2. The system of claim 1, further comprising automated feature selection step #42.","Cryptography, Cybersecurity & Blockchain",H04L 9/32,"Digital signatures, message authentication, cryptographic security protocols"
US11849130B2,Autonomous Flight Trajectory Control System for Multi-Rotor Unmanned Aerial Vehicles (Spec #007 - Ref_999),Avionics control architectures for autonomous quadcopter UAV drones featuring real-time altitude telemetry sensor fusion and dynamic trajectory optimization. Section iteration 7 validates scalability across distributed node clusters and low-power hardware.,"1. An aerial drone navigation apparatus comprising obstacle detection sensors, wireless telemetry links, and trajectory planning algorithms. 2. The system of claim 1, further comprising automated feature selection step #7.",Aerospace & Drone Avionics,B64C 39/02,"Unmanned aerial vehicles, quadcopter drone flight control, rotor craft"
US11848413B2,Elliptic Curve Cryptographic Authentication Scheme for Distributed Microservice APIs (Spec #014 - Ref_958),A decentralized blockchain protocol configured to validate digital transaction blocks using multi-signature cryptographic schemes. Section iteration 14 validates scalability across distributed node clusters and low-power hardware.,"1. A secure transaction verification system comprising memory storing private cryptographic keys, token hashing logic, and distributed consensus validation protocols. 2. The system of claim 1, further comprising automated feature selection step #14.","Cryptography, Cybersecurity & Blockchain",H04L 9/32,"Digital signatures, message authentication, cryptographic security protocols"
US11849007B2,Synthetic Messenger RNA Construct with Enhanced Ribosomal Translation Efficiency (Spec #039 - Ref_911),Recombinant genetic vectors comprising synthetic promoter regions and ribosomal binding sites engineered for elevated recombinant protein expression. Section iteration 39 validates scalability across distributed node clusters and low-power hardware.,"1. An engineered DNA vector comprising an expression cassette, a selectable marker gene, and site-specific recombination target sequences. 2. The system of claim 1, further comprising automated feature selection step #39.",Biotechnology & Genomics,C12N 15/09,"Recombinant DNA technology, genetic engineering vectors, nucleic acid mutation"
US11847889B2,Statistical Pattern Recognition Architecture for High-Frequency Data Vector Mining (Spec #044 - Ref_399),Methods and systems for training multi-layer neural network classifiers using dynamic feature extraction from multi-modal sensor arrays to optimize pattern recognition performance. Section iteration 44 validates scalability across distributed node clusters and low-power hardware.,"1. A pattern recognition system comprising a data processor, memory storing a machine learning classifier model, and instructions to evaluate probability distributions over feature spaces. 2. The system of claim 1, further comprising automated feature selection step #44.",Artificial Intelligence & Machine Learning,G06F 18/20,"Pattern recognition, machine learning classifiers, statistical feature extraction"
US11851609B2,Real-Time Video Object Detection and Tracking System Using Deep Convolutional Networks (Spec #028 - Ref_596),"Automated optical inspection systems utilizing high-resolution image sensors, spatial filtering algorithms, and pattern matching models to detect surface defects. Section iteration 28 validates scalability across distributed node clusters and low-power hardware.","1. A computer vision system comprising an image sensor, a GPU frame processor, and software modules configured to segment image frames and classify detected objects. 2. The system of claim 1, further comprising automated feature selection step #28.",Computer Vision & Image Processing,G06T 7/00,"Computer vision, image segmentation, pattern analysis, video stream processing"
US11851211B2,3D FinFET Transistor Fabrication Process Featuring Gate-All-Around Architecture (Spec #028 - Ref_395),"Integrated circuit manufacturing tools comprising wafer positioning stages, chemical slurry dispensers, and optical endpoint detection sensors for planarization. Section iteration 28 validates scalability across distributed node clusters and low-power hardware.","1. A semiconductor processing chamber comprising gas distribution showerheads, plasma generation electrodes, and vacuum exhaust systems. 2. The system of claim 1, further comprising automated feature selection step #28.",Semiconductors & Integrated Circuits,H01L 21/00,"Semiconductor device fabrication, lithography, integrated circuit processing"
US11850700B2,Surface Plasmon Resonance Biosensor Device for Real-Time Protein Binding Kinetics (Spec #010 - Ref_918),"A microfluidic biochip system featuring capillary fluidic channels, reagent storage reservoirs, and integrated photodiode detection arrays. Section iteration 10 validates scalability across distributed node clusters and low-power hardware.","1. A diagnostic biosensor device comprising a sample inlet, microfluidic reaction channels containing immobilised capture probes, and an optical photodetector. 2. The system of claim 1, further comprising automated feature selection step #10.",Medical Devices & Healthcare Technology,G01N 33/50,"Biological assay testing, biosensors, chemical analysis diagnostic devices"
US11848707B2,Recombinant Plasmid Vector for Targeted CRISPR-Cas9 Gene Editing Assays (Spec #002 - Ref_735),Recombinant genetic vectors comprising synthetic promoter regions and ribosomal binding sites engineered for elevated recombinant protein expression. Section iteration 2 validates scalability across distributed node clusters and low-power hardware.,"1. An engineered DNA vector comprising an expression cassette, a selectable marker gene, and site-specific recombination target sequences. 2. The system of claim 1, further comprising automated feature selection step #2.",Biotechnology & Genomics,C12N 15/09,"Recombinant DNA technology, genetic engineering vectors, nucleic acid mutation"
US11851625B2,Semantic Image Segmentation Architecture for High-Resolution Medical Scans (Spec #030 - Ref_716),"An image processing system configured to receive multi-camera video streams, apply stereoscopic correspondence algorithms, and construct 3D point cloud representations. Section iteration 30 validates scalability across distributed node clusters and low-power hardware.","1. A computer vision system comprising an image sensor, a GPU frame processor, and software modules configured to segment image frames and classify detected objects. 2. The system of claim 1, further comprising automated feature selection step #30.",Computer Vision & Image Processing,G06T 7/00,"Computer vision, image segmentation, pattern analysis, video stream processing"
US11850843B2,Optofluidic Assay Platform for High-Throughput Single-Cell Fluorescence Monitoring (Spec #031 - Ref_867),Diagnostic biosensor platforms comprising microfluidic reaction channels and immobilised antibodies configured for quantitative optical fluorescence immunoassay analysis. Section iteration 31 validates scalability across distributed node clusters and low-power hardware.,"1. A diagnostic biosensor device comprising a sample inlet, microfluidic reaction channels containing immobilised capture probes, and an optical photodetector. 2. The system of claim 1, further comprising automated feature selection step #31.",Medical Devices & Healthcare Technology,G01N 33/50,"Biological assay testing, biosensors, chemical analysis diagnostic devices"
US11849852B2,Multi-User MIMO Beamforming Controller for High-Throughput Wireless Local Area Networks (Spec #002 - Ref_391),Wireless communication architectures for multi-user MIMO access points configured to optimize beamforming weights and channel bandwidth allocation in dense Wi-Fi environments. Section iteration 2 validates scalability across distributed node clusters and low-power hardware.,"1. A wireless access point comprising a MAC layer controller, packet scheduling logic, and physical layer modems supporting high-throughput quadrature amplitude modulation. 2. The system of claim 1, further comprising automated feature selection step #2.",Telecommunications & Wireless Networks,H04W 84/12,"Wireless local area networks, Wi-Fi protocols, 5G/6G cellular transmission"
US11848262B2,Hardware Inference Accelerator with Quantized Neural Network Processing Units (Spec #044 - Ref_532),A neuromorphic integrated circuit utilizing non-volatile memory cells as synaptic weights for high-throughput spiking neural network computation. Section iteration 44 validates scalability across distributed node clusters and low-power hardware.,"1. A hardware accelerator chip comprising a matrix multiplication unit, activation function logic, and high-bandwidth memory interfaces configured for neural network inference. 2. The system of claim 1, further comprising automated feature selection step #44.",Artificial Intelligence & Machine Learning,G06N 3/02,"Neural network hardware architectures, artificial neural networks, computing chips"
US11849305B2,Avionics Telemetry Sensor Fusion Unit for UAV Altitude and Position Stabilization (Spec #028 - Ref_952),A flight control computer configured to adjust multi-rotor motor speeds based on Kalman-filtered inertial measurement unit data. Section iteration 28 validates scalability across distributed node clusters and low-power hardware.,"1. A UAV flight stabilization system comprising an inertial measurement unit, GPS positioning receivers, and electronic motor speed controllers. 2. The system of claim 1, further comprising automated feature selection step #28.",Aerospace & Drone Avionics,B64C 39/02,"Unmanned aerial vehicles, quadcopter drone flight control, rotor craft"
US11850413B2,Autonomous Vehicle Lane Keeping Assistance and Automated Steering Controller (Spec #018 - Ref_858),Advanced driver assistance systems for electric vehicles comprising sensor fusion processors configured to compute dynamic vehicle trajectories and actuate automated steering. Section iteration 18 validates scalability across distributed node clusters and low-power hardware.,"1. An automated vehicle control system comprising lateral steering controllers, longitudinal speed managers, and sensor fusion modules. 2. The system of claim 1, further comprising automated feature selection step #18.",Automotive & Autonomous Vehicles,B60W 30/00,"Autonomous vehicle guidance, driver assistance, automated steering control"
US11849470B2,Controlled Release Pharmaceutical Oral Dosage Form Comprising Solid Lipid Nanoparticles (Spec #001 - Ref_282),A pharmaceutical composition comprising active therapeutic compounds encapsulated within micro-polymeric matrices designed for extended systemic absorption. Section iteration 1 validates scalability across distributed node clusters and low-power hardware.,"1. A pharmaceutical composition comprising a therapeutic active ingredient encapsulated within solid lipid nanoparticles and a pharmaceutically acceptable carrier. 2. The system of claim 1, further comprising automated feature selection step #1.",Pharmaceuticals & Medicinal Chemistry,A61K 31/00,"Pharmaceutical preparations, medicinal compounds, controlled release formulations"
US11849744B2,Therapeutic Small Molecule Inhibitor Composition for Targeted Enzyme Binding (Spec #039 - Ref_598),"Therapeutic pharmaceutical formulations comprising lipid nanoparticle carriers for enhanced bioavailability, controlled gastric dissolution, and targeted active ingredient release. Section iteration 39 validates scalability across distributed node clusters and low-power hardware.","1. A pharmaceutical composition comprising a therapeutic active ingredient encapsulated within solid lipid nanoparticles and a pharmaceutically acceptable carrier. 2. The system of claim 1, further comprising automated feature selection step #39.",Pharmaceuticals & Medicinal Chemistry,A61K 31/00,"Pharmaceutical preparations, medicinal compounds, controlled release formulations"
US11851915B2,Electronic Health Record NLP Analytics Engine for Automated Clinical Coding (Spec #016 - Ref_766),Methods for analyzing unstructured clinical progress notes using natural language processing to extract diagnostic codes and recommend therapeutic interventions. Section iteration 16 validates scalability across distributed node clusters and low-power hardware.,"1. A patient monitoring system comprising biosensor telemetry inputs, anomaly detection software algorithms, and automated clinical notification modules. 2. The system of claim 1, further comprising automated feature selection step #16.",Software & Distributed Systems,G16H 50/20,"Healthcare data processing, AI medical decision support, clinical analytics"
US11851996B2,Predictive Patient Monitoring Architecture Using Machine Learning Vital Sign Fusion (Spec #025 - Ref_256),Methods for analyzing unstructured clinical progress notes using natural language processing to extract diagnostic codes and recommend therapeutic interventions. Section iteration 25 validates scalability across distributed node clusters and low-power hardware.,"1. A patient monitoring system comprising biosensor telemetry inputs, anomaly detection software algorithms, and automated clinical notification modules. 2. The system of claim 1, further comprising automated feature selection step #25.",Software & Distributed Systems,G16H 50/20,"Healthcare data processing, AI medical decision support, clinical analytics"
US11847565B2,Multi-Layer Neural Network Classifier for Real-Time Sensor Data Streams (Spec #007 - Ref_648),"A computer-implemented system configured to receive input feature vectors, apply dimensionality reduction, and evaluate statistical classifier loss metrics. Section iteration 7 validates scalability across distributed node clusters and low-power hardware.","1. A computer-implemented method comprising receiving sensor data streams, generating feature vectors using a convolutional neural network layer, and computing loss functions based on multi-task attention mechanisms. 2. The system of claim 1, further comprising automated feature selection step #7.",Artificial Intelligence & Machine Learning,G06F 18/20,"Pattern recognition, machine learning classifiers, statistical feature extraction"
US11849833B2,Controlled Release Pharmaceutical Oral Dosage Form Comprising Solid Lipid Nanoparticles (Spec #050 - Ref_662),Novel medicinal formulations comprising organic therapeutic inhibitors combined with pharmaceutically acceptable excipients to achieve controlled therapeutic dosage profiles. Section iteration 50 validates scalability across distributed node clusters and low-power hardware.,"1. A pharmaceutical composition comprising a therapeutic active ingredient encapsulated within solid lipid nanoparticles and a pharmaceutically acceptable carrier. 2. The system of claim 1, further comprising automated feature selection step #50.",Pharmaceuticals & Medicinal Chemistry,A61K 31/00,"Pharmaceutical preparations, medicinal compounds, controlled release formulations"
US11851549B2,3D Depth Map Estimation System for Autonomous Computer Vision Sensors (Spec #020 - Ref_921),"Computer vision methods and systems for segmenting digital video frames, bounding detected objects, and computing feature trajectories using deep neural networks. Section iteration 20 validates scalability across distributed node clusters and low-power hardware.","1. A 3D vision system comprising stereoscopic cameras, depth map calculation units, and point cloud feature extraction processors. 2. The system of claim 1, further comprising automated feature selection step #20.",Computer Vision & Image Processing,G06T 7/00,"Computer vision, image segmentation, pattern analysis, video stream processing"
US11849446B2,Autonomous Vertical Takeoff and Landing (VTOL) Flight Control Computer (Spec #046 - Ref_755),A flight control computer configured to adjust multi-rotor motor speeds based on Kalman-filtered inertial measurement unit data. Section iteration 46 validates scalability across distributed node clusters and low-power hardware.,"1. An aerial drone navigation apparatus comprising obstacle detection sensors, wireless telemetry links, and trajectory planning algorithms. 2. The system of claim 1, further comprising automated feature selection step #46.",Aerospace & Drone Avionics,B64C 39/02,"Unmanned aerial vehicles, quadcopter drone flight control, rotor craft"
US11848589B2,Distributed Ledger Transaction Validation Protocol Using Digital Signature Aggregation (Spec #038 - Ref_981),A decentralized blockchain protocol configured to validate digital transaction blocks using multi-signature cryptographic schemes. Section iteration 38 validates scalability across distributed node clusters and low-power hardware.,"1. A secure transaction verification system comprising memory storing private cryptographic keys, token hashing logic, and distributed consensus validation protocols. 2. The system of claim 1, further comprising automated feature selection step #38.","Cryptography, Cybersecurity & Blockchain",H04L 9/32,"Digital signatures, message authentication, cryptographic security protocols"
US11850125B2,Radio Frequency Carrier Aggregation Controller for Cellular Data Streams (Spec #035 - Ref_467),A wireless transceiver system operating in unlicensed millimeter-wave frequencies utilizing spatial division multiplexing and digital pre-distortion. Section iteration 35 validates scalability across distributed node clusters and low-power hardware.,"1. A wireless access point comprising a MAC layer controller, packet scheduling logic, and physical layer modems supporting high-throughput quadrature amplitude modulation. 2. The system of claim 1, further comprising automated feature selection step #35.",Telecommunications & Wireless Networks,H04W 84/12,"Wireless local area networks, Wi-Fi protocols, 5G/6G cellular transmission"
US11851929B2,Distributed Health Data Processing System for Real-Time Vital Sign Anomaly Detection (Spec #018 - Ref_630),"A health telemetry processing platform comprising wearable patient sensors, cloud data ingest engines, and machine learning models trained on physiological time-series. Section iteration 18 validates scalability across distributed node clusters and low-power hardware.","1. A medical decision support apparatus comprising memory storing patient health records, clinical guideline rule engines, and machine learning risk scoring processors. 2. The system of claim 1, further comprising automated feature selection step #18.",Software & Distributed Systems,G16H 50/20,"Healthcare data processing, AI medical decision support, clinical analytics"
US11849295B2,Collision Avoidance Architecture for Swarm Unmanned Aerial Vehicle Navigation (Spec #027 - Ref_929),Avionics control architectures for autonomous quadcopter UAV drones featuring real-time altitude telemetry sensor fusion and dynamic trajectory optimization. Section iteration 27 validates scalability across distributed node clusters and low-power hardware.,"1. A UAV flight stabilization system comprising an inertial measurement unit, GPS positioning receivers, and electronic motor speed controllers. 2. The system of claim 1, further comprising automated feature selection step #27.",Aerospace & Drone Avionics,B64C 39/02,"Unmanned aerial vehicles, quadcopter drone flight control, rotor craft"
